word;pos_neg
Будда;1
Господь;1
Магомет;1
Немезида;-1
Судний день;-1
Христос;1
аборт;-1
абразивний;-1
абсурд;-1
абсурдний;-1
абсурдність;-1
авангардний;1
авантюрний;1
аварійний;-1
аварія;-1
автентичний;1
автомат;-1
автоматний;-1
автономний;1
авторитарний;-1
авторитетний;1
авіаудар;-1
ага;1
агонізувати;-1
агонія;-1
агонії;-1
агресивний;-1
агресивність;-1
агресор;-1
агресія;-1
агітка;-1
адаптивний;1
адаптований;1
адвокат;1
адвокати;1
адекватний;1
адекватно;1
ажурний;1
ажіотаж;-1
акламація;1
акомодаційний;1
активний;1
акторський;1
акула;-1
акуратний;1
акуратно;1
алергічний;-1
алергія;-1
алкаш;-1
алкоголізм;-1
алогічний;-1
альтруїстичний;1
альтруїстично;1
амбівалентний;-1
амбівалентність;-1
амбітний;1
амбітно;1
амбіційний;1
амбіція;1
американські гірки;-1
амністія;1
аморальний;-1
аморально;-1
аморальність;-1
аморфний;-1
ампутація;-1
анархізм;-1
анархіст;-1
анархічний;-1
анархія;-1
ангел;1
ангельський;1
анемічний;-1
аномальний;-1
аномалія;-1
антагонізм;-1
антагонізувати;-1
антагоніст;-1
антагоністичний;-1
анти;-1
анти-;-1
анти-білий;-1
антиамериканський;-1
антигромадський;-1
антигромадські;-1
антигуманний;-1
антидержавний;-1
антиконституційний;-1
антинаркотичний;1
антинародний;-1
антинауковий;-1
антиокупаційна;-1
антипатія;-1
антирадянський;1
антисанітарний;-1
антисеміт;-1
антисеміти;-1
антисемітський;-1
антисоціальний;-1
антитерористичний;1
антитетичний;-1
антиукраїнський;-1
антиутопія;-1
антихристиянський;-1
антиізраїльський;-1
апатичний;-1
апатично;-1
апатія;-1
апеляція;1
аплодисменти;1
аплодувати;1
апокаліпсис;-1
апокаліптичний;-1
апологет;-1
апологети;-1
апофеоз;1
аргументований;1
аргументовано;1
арешт;-1
аристократичний;1
арматура;-1
аромат;1
артикулювати;1
артилерист;-1
архаїчний;-1
асоціальний;-1
асперс;-1
асперсія;-1
асперсії;-1
атака;-1
атаки;-1
атакувати;-1
атиповий;1
атлетичний;1
атрофія;-1
афганський;-1
афектація;1
афективний;-1
ахінея;-1
ацербічний;-1
ацербічно;-1
бабло;-1
бабник;-1
багатий;1
багатовимірний;1
багатогранний;1
багатодітний;1
багатомільйонний;-1
багатообіцяючий;1
багатополяризація;-1
багатофункціональний;1
багатоцільовий;1
багатство;1
багатший;1
баггі;-1
багно;-1
бадьорить;1
бадьорість;1
бажано;1
бажаючи;1
базікання;-1
базікати;-1
байдуже;-1
байдужий;-1
байдужість;-1
бал;-1
балаканина;-1
балакун;-1
балалайка;-1
баламут;-1
балувати;1
банальний;-1
банально;-1
банальність;-1
баналізувати;-1
банда;-1
бандит;-1
бандитський;-1
бандформування;-1
бандюга;-1
бандюк;-1
банкрут;-1
банкрутство;-1
барвистий;1
барвисті;1
бароко;1
бароковий;1
батоги;-1
батьківський;1
бевзень;-1
бедлам;-1
бедламіт;-1
без випуску;1
без документації;-1
без змін;1
без зусиль;1
без подій;-1
без помилок;1
без потреби;-1
без проблем;1
без фінансування;-1
безальтернативний;-1
безбожний;-1
безбожність;-1
безболісна;1
безболісно;1
безвинний;-1
безвихідний;-1
безвихідність;-1
безвихідь;-1
безвольний;-1
безвідповідальний;-1
безвідповідально;-1
безвідповідальність;-1
безвірний;-1
безглуздя;-1
безглуздість;-1
безгрошовий;-1
безгрішний;1
бездарний;-1
бездоганний;1
бездонна;-1
бездонно;-1
бездоріжжя;-1
бездумність;-1
бездуховний;-1
бездушний;-1
бездіяльний;-1
бездіяти;-1
безжалість;-1
безжурний;1
беззавітний;1
беззахисний;-1
беззмістовний;-1
беззубий;-1
безкарний;-1
безкомпромісно;-1
безконтрольний;-1
безкорисливий;1
безкоштовно;1
безлюбний;-1
безмозковий;-1
безнадійно;-1
безнадія;-1
безособовий;-1
безпека;1
безперебійний;1
безперервність;1
безперспективний;-1
безплідна;-1
безплідний;-1
безповоротна;-1
безповоротно;-1
безповоротність;-1
безпокійний;-1
безпомилковий;1
безпомилково;1
безпомилковість;1
безпорадний;-1
безпорадно;-1
безпорадність;-1
безправний;-1
безпритульний;-1
безпроблемна;1
безпрограшний;1
безпросвітний;-1
безпутний;-1
безпідставні;-1
безпілотники;-1
безрезультатний;-1
безрезультатно;-1
безризикові;1
безробіття;-1
безсилий;-1
безславно;-1
безсмачний;-1
безсмертний;1
безсовісний;-1
безсоромність;-1
безстрашно;1
безсумнівний;1
безсумнівно;1
безтактовний;-1
безталанний;-1
безтолковий;-1
безтрошний;-1
безтурботний;1
безтурботно;-1
безумний;-1
безумство;-1
безупинно;-1
безуспішний;-1
безхмарний;1
безхребетний;-1
безцеремонний;-1
безцінні;1
безчесно;-1
безчуття;-1
безчуттєвий;-1
безшовні;1
безшумний;1
безідейний;-1
безініціативний;-1
бемоан;-1
бенефіціар;1
бентежити;-1
бентежить;-1
берегти;1
березня;-1
берсерк;-1
бестселер;1
бздун;-1
бздюха;-1
бився;-1
бидло;-1
бик;-1
битва;-1
бити;-1
битися;-1
бич;-1
бичачий;1
бла;-1
благий;1
благовихований;1
благоговійно;1
благоговіння;1
благодійні;1
благодійність;1
благозвучний;1
благополучно;1
благополуччя;1
благородно;1
благородство;1
благорозумний;1
благословенний;1
благословити;1
благословляти;1
благосний;1
благотворний;1
благоустрій;1
благочестивий;1
благочестя;1
блаженний;1
блаженно;1
блазень;-1
блакитний;1
блакить;1
блатний;-1
ближній;1
близький;1
блискавка;1
блискуче;1
блискучості;1
блокада;-1
блокадний;-1
блокбастер;1
блокпости;-1
блокуватися;-1
блукання;-1
блювати;-1
блювотиння;-1
блюзнірський;-1
блядство;-1
блядь;-1
бляклий;-1
блідий;-1
бліднути;-1
блідіє;-1
блін;-1
богатирський;1
богиня;1
богобоязливий;-1
боговгодно;1
богомерзенний;-1
богоподібний;1
богословський;1
божественний;1
божественно;1
божество;1
божеський;1
бойкот;-1
бойовий;-1
бойові дії;-1
болота;-1
болото;-1
болі в голові;-1
боліло;-1
боліти;-1
бомбардувальник;-1
бомбардувати;-1
бомбастичний;-1
бомбити;-1
бомбування;-1
бомж;-1
бонкери;-1
бонус;1
бонуси;1
борговий;-1
боргів;-1
бореться;-1
борець;1
боровся;-1
борона;-1
боротися;-1
боягузливість;-1
боягузтво;-1
боязкуватий;-1
боязнь;-1
боятися;-1
бояться;-1
бравада;-1
браво;1
брак;-1
браконьєр;-1
бракувало;-1
бракувати;-1
бранка;-1
братній;1
братовбивчий;-1
братський;1
браття;1
брехливий;-1
брехун;-1
брехуни;-1
бризкання;-1
бризки;-1
брови;-1
броньований;1
брудний;-1
бруднити;-1
брудно;-1
брусковий;-1
брутальний;-1
бруталізувати;-1
брутто;-1
брязкали;-1
брязкальце;-1
брязкальця;-1
брязкати;-1
буденний;-1
буденність;-1
буйство;-1
букет;1
булька;-1
бунт;-1
бунтувати;-1
бунтівний;1
бунтівник;-1
буржуазія;-1
буржуй;-1
буркотливий;-1
бурхливість;1
буря;-1
бур’ян;-1
бусурман;-1
бухати;-1
бюрократ;-1
бюрократизм;-1
бюрократія;-1
бюст;-1
бюсти;-1
бідно;-1
бідняки;-1
бідніший;-1
бідолаха;-1
бідолашний;-1
біженець;-1
бійка;-1
бікер;-1
білабор;-1
білегер;-1
білосніжний;1
біль;-1
біль у спині;-1
більш відомий;1
більш галасливий;-1
біс;-1
бісексуал;-1
в достатку;1
в пастці;-1
в розпачі;-1
в ідеалі;1
в'язаний;1
в'язкість;-1
в'язниця;-1
в'ялість;-1
вабить;1
вагаючись;-1
вади;-1
важелі;1
важке становище;-1
важко на чолі;-1
важковиліковний;-1
важкосердечний;-1
важкувато;-1
важливий;1
важливо;1
важливість;-1
валити;-1
валитися;-1
валиться;-1
валятись;-1
вандал;-1
вандалізм;-1
варвар;-1
варварство;-1
варення;-1
варте;1
вартий;1
вартий часу;1
вау;1
ваххабіт;-1
вбивати;-1
вбиває;-1
вбивство роботи;-1
вбивчо;-1
вбитий;-1
вбито;-1
вважати;-1
вводити в оману;-1
ввічливий;1
вгадувати;1
вгамовуватися;-1
вдавати;-1
вдалий;1
вдало;1
вдалося;1
вдаритися;-1
вдача;-1
вдержатися;-1
вдосконалений;1
вдосконалити;1
вдосконалюватися;1
вдумливий;1
вдумливість;1
вдячно;1
веде;1
ведмежий;-1
везучий;1
великий;1
великий палець вниз;-1
великий палець догори;1
великодушно;1
великомасштабний;1
великорос;-1
великоруський;1
великосвітський;-1
великої ємності;1
великі пальці вниз;-1
величність;1
вельмишановний;1
венеричний;-1
вентиляційний отвір;-1
вереск;-1
верескливий;-1
верещати;-1
верзтися;-1
верховенство;1
верхівки;1
вершина;1
веселий;1
веселитись;1
веселитися;1
веселощі;1
вести;1
ветхий;-1
вечір;1
вечірка;1
вживання;-1
взаємний;1
взаємовигідний;1
взаємоприйнятний;1
вибагливо;-1
вибачте;-1
вибування;-1
вибух;-1
вибухати;-1
вибуховий;-1
вибухівка;-1
вибірковий;1
вивергання;-1
виверження;-1
вивих;-1
вивчення;1
вигаданий;-1
вигадливо;-1
вигнавши;-1
вигнанець;-1
виготовлення;-1
виграв;1
виграти;1
виграш;1
виграшно;1
вигрібати;-1
вигук;-1
вигуки;-1
вигідніший;1
видавлювати;-1
видалений;-1
видалити;-1
видаляти;-1
видатність;1
видворяти;-1
видимі;1
видний;1
видовищний;1
виживання;1
виживший;1
вижити;-1
визволення;1
визвольний;1
визнаний часом;1
визнання;1
визнати недійсним;-1
визначний;1
викидати;-1
викинути;-1
викликає;1
виключення;-1
виключно;1
виконання;1
виконати;1
використати;1
викорчувати;-1
викорінення;1
викорінити;-1
викрадати;-1
викрадач;-1
викрадення;-1
викривальний;-1
викривач;-1
викривлене;-1
викрити;-1
викручуватися;-1
викупити;1
викурювати;-1
вилупок;-1
вилучення;-1
виляти;-1
вилікувати;1
вимагання;-1
вимивати;-1
вимиваються;-1
вимирання;-1
вимирати;-1
вимогливий;1
винагорода;1
винагородити;1
винахідливий;1
винахідницький;1
винен;-1
вини;-1
винищення;-1
винність;-1
винуватець;-1
винуватий;-1
винувато;-1
випадання;-1
випадковий;-1
випадковість;-1
випалювати;-1
випарів;-1
випереджати;1
випередити;1
виплавлений;-1
випльовує;-1
виплюнув;-1
виплюнути;-1
виповнити;-1
випотрошувати;-1
виправдатися;1
виправдувальний;1
випробувальний;-1
випробувально;-1
випробування;-1
випрямити;1
випрямлення;1
випрямляючий;1
випустити;-1
випіт;1
вираз на очах;-1
виразка;-1
виразковий;-1
виразний;1
виразник;-1
вирвало;-1
вирвати;-1
вириватися;-1
вироджений;-1
вироджуватися;-1
виродки;-1
вирок;-1
виростити;1
виручати;1
вирізняти;1
вирішальний;1
вирішувач проблем;1
висадка;-1
висвітлити;1
виселення;-1
висип;-1
висловлювати жаль;-1
виснажувати;-1
виснажуються;-1
виснажуючий;-1
висока якість;1
високий;1
високоефективний;1
висококваліфікований;1
високоморальний;1
високоміцний;1
високооплачуваний;1
високоосвічений;1
високоповажний;1
високопродуктивний;1
високопрофесійний;1
високотехнологічний;1
високоточний;1
високохудожній;1
високоякісний;1
вистачало;1
вистачає;1
вистежувати;-1
вистражданий;1
вистрілювати;-1
вистуки;-1
виступ;-1
виступав;1
виступати;-1
висувний;1
висушений;-1
висушити;-1
витвір мистецтва;1
витоку;-1
витончений;1
витонченість;1
витрата;-1
витратити;-1
витратний;-1
витриваліший;1
витримати;1
витягнути;-1
витіснити;-1
витісняти;-1
вихваляти;-1
вихваляючи;1
вихлюпуватися;-1
виховання;1
вихованою;1
вишкребок;-1
вишуканий;1
вишукано;1
вищий;1
вищим чином;1
виїдати;-1
вкинути;-1
вкрав;-1
вкрадене;-1
вкусити;-1
владно;-1
власні інтереси;-1
власність;-1
властивий;1
вм'ята;-1
вм'ятина;-1
вм'ятини;-1
вмирати;-1
вмовляюче;-1
вмілий;1
внаслідок цього;-1
внесок;1
вовтузіння;-1
вогневий;-1
вогненний;1
вогник;1
вогняний;1
возитися;-1
войовниче;-1
волати;-1
воловий;-1
вологий;-1
волокно;-1
волонтер;1
вольовий;1
воліють;1
ворогів;-1
вороже;-1
ворожість;-1
ворсинка;-1
ворсинчастий;-1
ворушитися;-1
воскресіння;1
воспламеняющий;1
воююча;-1
воєнний;-1
воістину;1
впадаючий;1
впарювати;-1
впевнений;1
впертість;-1
впорядкований;1
впорядковано;1
впровадження;1
вражав;1
вражаючий;1
вражаючість;1
вразити;1
вразливий;-1
вразливіший;-1
врегулювання;1
вриватися;-1
врода;1
вродливий;1
врівноважений;1
все довкола;1
всеблагий;1
вселенський;1
всемогутня;1
всемогутній;1
всеосяжний;1
всеохоплюючий;1
всепереможний;1
всепроникний;-1
всеросійський;1
всесвітньо відомий;1
всміхатися;1
встановлення записів;1
всюдисущий;1
втомливо;-1
втомлюватися;-1
вторгатися;-1
вторгнутися;-1
втрата волосся;-1
втрати;-1
втрачений;1
втричі;-1
втягнуті;-1
втягувати;-1
втік;-1
втікати;-1
втілити;1
втілитися;1
втілювати;1
втішати;1
втішний;1
втішно;1
вужчі;-1
вузьколобий;-1
вуйко;-1
вульгарний;-1
вундеркінд;1
вуу;1
вціліти;1
вчинений;-1
вчинити;-1
вшанований;1
вібрація;-1
вібрував;-1
вібрувати;-1
вібруючий;-1
вібрує;-1
від радості;1
від усього серця;1
відбивати;-1
відбито;-1
відблиски;-1
відбування;-1
відбувати;-1
відбудовувати;1
відвага;1
відверто;-1
відволікання уваги;-1
відволікати;-1
відволікаючий;-1
відганяти;-1
відгороджувати;-1
відданий;1
відданість;1
віддача;-1
віддаючи перевагу;1
віддає перевагу;1
відділок;-1
відзначився;1
відкат;-1
відкидати;-1
відкидаючи;-1
відкидає;-1
відкликати;-1
відключити;-1
відкритий;1
відкрито;1
відкушувати;-1
відлупцювати;-1
відмивання;-1
відмовив;-1
відмовити;-1
відмовитись;-1
відмовитися;-1
відмовлено;-1
відмовлятися;-1
відмовляючи;-1
відмовляє;-1
відмовний;-1
відморозок;-1
відмінний;1
відмінник;1
відмінниця;1
відмінні;1
відмітна ознака;1
відмітні ознаки;1
відновлений;1
відновлення;1
відновлювальний;1
відновлювати;1
відняти;-1
відображати;1
відповідальний;-1
відповідально;1
відповідальність;-1
відрази;-1
відразливо;-1
відразливість;-1
відректися;-1
відреставрований;1
відривистий;-1
відринутий;-1
відроджуватися;1
відроджує;1
відроджується;-1
відродити;1
відрубувати;-1
відрізати;-1
відрізний;1
відсахнутися;-1
відсвяткувати;1
відсидка;-1
відставали;-1
відставка;-1
відсталі;-1
відстає;-1
відсторонення;-1
відстороняти;-1
відступили;-1
відступити;-1
відсутній;-1
відсіву;-1
відторгнення;-1
відтяти;-1
відхилено;-1
відхиляти;-1
відхилятися;-1
відходи;-1
відхожий;-1
відхідливий;1
відчайдушний;-1
відчайдушно;-1
відчуження;-1
відчужувати;-1
відштовхнути;-1
відштовхування;-1
відщепенець;-1
візантійський;-1
візіонер;1
війна;-1
віктимізувати;-1
віллиально;-1
віллизувати;-1
вільний;1
вільно;1
вільнодумний;1
вірити;-1
віроломний;-1
віроломно;-1
віртуозно;1
вірулентний;-1
вірулентно;-1
вірулентність;-1
вірус;-1
вірусний;-1
віск;-1
вітатися;1
вітаю;1
вітерець;1
віщий;1
в’янення;-1
гавані;-1
гадюка;-1
гайдамацтво;-1
галантний;1
галантно;1
галасливо;-1
гальмо;-1
гальмування;-1
гальмувати;-1
галюцинація;-1
галюцинації;-1
галів;-1
гарантований;1
гарантувати;1
гарантійний;1
гарезувати;1
гармонізувати;1
гармонійний;1
гарненька;1
гарненький;1
гарненько;1
гарпія;-1
гарчати;-1
гаряча голова;-1
гарячий;1
гарячий пиріг;1
гарячковий;-1
гарячі;1
гарячі пиріжки;1
гасла;-1
гасло;-1
гаснути;-1
гаспид;-1
гвалтувати;-1
гегемонізм;-1
гегемоністичний;-1
гегемонія;-1
гедоністичний;-1
гейнсей;-1
гекл;-1
генералісимус;1
геноцид;-1
геніальний;1
геніальність;1
геній;1
герой;1
геройство;1
героїв;1
героїзувати;1
героїн;-1
героїня;1
гетто;-1
гидота;-1
гидувати;-1
гинути;-1
глибокий;1
глибоко;1
глибокодумний;1
глузливий;-1
глузливість;-1
глузували;-1
глузувати;-1
глузує;-1
глухий;-1
глухий удар;-1
глушини;-1
глюк;-1
глюки;-1
гліб;-1
гнаний;-1
гнида;-1
гнисти;-1
гниття;-1
гнобитель;-1
гнобителі;-1
гнобити;-1
гнути;-1
гнучкий;1
гнучкі;1
гнучкість;1
гнівний;-1
гніт;-1
гнітюча;-1
гнітючий;-1
гнітючість;-1
годовий;-1
годіння;-1
головне;1
голодомор;-1
голодування;-1
голодувати;-1
голосистий;-1
голосити;-1
голослівний;-1
голосніше;-1
голубий;1
гомеричний;-1
гомофоб;-1
гоніння;-1
гопник;-1
горбкуватий;-1
гордовитий;-1
гордовито;-1
горе;-1
горе-горе;-1
горезвісний;-1
горезвісно;-1
горлати;-1
горілий;-1
горіти;-1
господарський;1
гостинний;1
гостинність;1
гострий;1
гострий як бритва;1
гостро;1
гостріше;1
готовий;1
готовність;1
готівкою;-1
грабки;-1
грабіж;-1
грабіжницький;-1
град;1
грайливо;1
грамотний;1
грамотно;1
гранатомет;-1
граничний;-1
грейфер;-1
грибковий;-1
гризти;-1
гримаса;-1
гримати;-1
грозитися;-1
громада;1
громіздкіший;-1
гротескний;-1
грубо;-1
грубуватий;-1
грузливий;-1
грунтовний;1
групка;-1
грязюка;-1
грізний;1
гріховний;-1
гріховно;-1
гріш;-1
губити;-1
губитися;-1
гуд;1
гудіння;-1
гуляти;1
гуманістичний;1
гумористичний;1
гуморний;1
гусина;-1
гуф;-1
гучно;-1
гівняний;-1
гідно;1
гільза;-1
гімно;-1
гіпертонічний;-1
гіпертонія;-1
гіпертрофований;-1
гіпноз;-1
гіпнотичний;1
гіркий;-1
гірко;-1
гіркота;-1
гірше;-1
гітлерівець;-1
гітлерівський;-1
давити;-1
давньоруський;1
далекоглядний;1
данке;1
данкен;1
данс;-1
даремний;-1
дарований богом;1
дарувати;1
дбайливий;1
дволикий;-1
дволикі;-1
двосторонній;1
двоякий;-1
двоярусний;-1
двієчник;-1
де в біса;-1
дебаза;-1
деблокування;1
дебіл;-1
дебіли;-1
дебільний;-1
дебільність;-1
дев'яностий;-1
девіантний;-1
дегенерат;-1
дегенеративний;-1
дегенеративно;-1
дегенерація;-1
дегуманізація;-1
дедвейт;-1
дезавуювати;-1
дезадаптація;-1
дезафірмувати;-1
дезертирство;-1
дезертирувати;-1
дезорганізований;-1
дезорієнтований;-1
дезорієнтує;-1
дезінформація;-1
дезінформований;-1
декаданс;-1
декадентський;-1
декламувати;-1
декласований;-1
декремент;-1
делікатес;1
делірійний;-1
демократичний;1
демонізований;-1
демонізувати;-1
демонізуючий;-1
демонізує;-1
деморалізувати;-1
деморалізуючи;-1
деморалізуючий;-1
демпфер;-1
демпінгувати;-1
депортація;-1
депресивний;-1
дерьмовий;-1
десорбційний;-1
деспойлер;-1
деспотія;-1
деструктивний;-1
дефекти;-1
дефектний;-1
деформований;-1
деформувати;-1
дефіле;-1
дефініфікований;1
дешевше;1
джинса;-1
дзвін;-1
дзвінка;1
дивацтва;-1
диверсант;-1
диверсифікований;1
диверсійний;-1
дивний;1
диво;1
дивовижні;1
дивом;1
дивувати;1
дивуватися;1
дизайнерський;1
дико;-1
диктатор;-1
диктаторський;-1
дикуни;-1
дилема;-1
дилетантський;-1
дим;-1
диммер;-1
димова завіса;-1
динамічний;1
динки;-1
диплом;1
дипломатія;1
дисбаланс;-1
дисгармонійний;-1
дисидент;-1
дисиденти;-1
дисинг;-1
дискомболювати;-1
дискомфортний;-1
дискредитація;-1
дискримінувати;-1
дискусар;-1
дискусійний;-1
дисонанс;-1
дисонансний;-1
дисонансно;-1
дисоціальні;-1
дисфункція;-1
дитинство;1
дитя;1
дифіденція;-1
диявольство;-1
диявольсько;-1
добити;-1
добре вихована;1
добре вихований;1
добре встановлений;1
добре відомий;1
добре запущений;1
добре збалансований;1
добре зв’язані;1
добре зробив;1
добре керований;1
добре обізнані;1
добре округлі;1
добре освічений;1
добре прийнятий;1
добре підсвічується;1
добре розглянутий;1
добре розміщений;1
добрий;1
добро;1
доброволець;1
добровольчий;1
добровільно;1
добродушний;1
добродійний;1
доброзичливці;1
добропорядний;1
добросовісний;1
добротний;1
доброчесно;1
доброякісний;1
доброї волі;1
добріти;1
добірний;-1
довгий;-1
довгий час;-1
довголіття;1
доведення;1
доведено;1
доводить;1
довільний;-1
довір'я;1
довірити;1
довірливий;1
довірливо;1
довірчий;1
довіряти;1
довіряють;1
довічний;-1
догана;-1
догматичний;-1
догнутий;-1
дожити;1
дозволити собі;1
доконати;-1
докорити;-1
докочуватися;-1
докучав;-1
докучати;-1
докучливий;-1
докірливий;-1
докірливо;-1
доленосна;-1
доленосно;-1
доля;1
домінер;-1
домінували;1
домінувати;1
домінує;1
домішка;-1
доноси;-1
доносити;-1
допитувати;-1
допитуючи;-1
доплата;1
доповнення;1
доповнено;1
доповнюючий;1
доповнює;1
допомагаючи;1
допомога;1
допоміг;1
допустимий;1
дорадник;-1
дорогоцінний;1
дорогоцінні камені;1
дорогою;1
дорожнеча;-1
дорікати;-1
досада;-1
досади;-1
досадна;-1
дослідження;1
достовірно;1
достойний;1
доступно;1
досягти;1
доте;1
доунер;-1
дохлий;-1
дохнути;-1
доходність;1
доцільний;1
доцільно;1
дошкуляти;-1
драгун;-1
дражливий;1
дражливо;1
драконічний;-1
драматичний;-1
дратуватися;-1
дроблення;-1
дросель;-1
дросельної заслінки;-1
другий клас;-1
другого рівня;-1
другосортний;-1
дружби;1
дружити;1
дружно;1
дружність;1
дрібний;-1
дрібно;1
дуже;-1
дужий;1
дурацький;-1
дурбелик;-1
дурепа;-1
дурити;-1
дурманний;1
дурник;-1
дурниця;-1
дурнуватий;-1
дути;-1
духовний;1
духовність;1
душбаг;-1
душити;-1
душно;-1
душові мішки;-1
дякувати;1
діаметрально;-1
діапазон;1
діатріба;-1
діатріби;-1
дівка;-1
дідько;-1
дідівщина;-1
діллі-далі;-1
діловий;1
діоксин;-1
дірка;-1
дітлахи;1
діяч;-1
дієвий;1
дієвість;1
е-е-е;1
егоманія;-1
ейфоричний;1
ейфорично;1
еквівалентний;1
екологічний;1
економити;-1
економічно ефективним;1
економія витрат;1
ексклюзивний;1
експансивний;1
експансія;-1
експепляр;1
експлуатації;-1
експресивний;1
експропрійований;-1
екстаз;1
екстази;1
екстатично;1
екстравагантний;1
екстравагантно;-1
екстравагантність;-1
екстремальний;1
екстремістів;-1
ексцентричний;-1
ексцентричність;-1
еластичний;1
елегантний;1
елегантно;1
елегантність;1
електризувати;1
елімінація;-1
еліта;1
елітний;1
емаскулювати;-1
ембарго;-1
емоційний;1
емпатія;1
емфізема;-1
еміненція;1
енергоефективними;1
енергозбереження;1
енергонезалежний;1
енергійний;1
ентузіазм;1
епатажність;-1
епохальний;1
епідемія;-1
епілептичний;-1
епічний;1
ергономічний;1
ерозія;-1
еротичний;-1
ерудований;1
ескапада;-1
есмінець;-1
естетичний;1
ефект;1
ефектний;1
ефемерний;-1
ефронтерія;-1
ефузивний;1
ефузивно;1
ефузивність;1
жаданий;1
жадібно;1
жалити;-1
жало;-1
жалувати;-1
жалюгідно;-1
жалюгідність;-1
жалібно;-1
жалісливий;1
жалісно;-1
жаркий;1
жарт;-1
жартівник;-1
жах;-1
жахатися;-1
жахає;-1
жахається;-1
жвавий;1
жебрацтво;-1
жебрацький;-1
жертва;-1
жертва аборту;-1
жертвувати;-1
жерти;-1
живити;1
живлення;1
живоносний;1
живоплот;-1
животрепетне;1
живучий;1
жид;-1
жидівський;-1
жирно;-1
жирність;-1
жировий;-1
жиру;-1
жирувати;-1
життєвий;1
життєздатний;1
життєстверджуючий;1
жовтяничний;-1
жолоб;-1
жопа;-1
жорстко;-1
жорсткіше;1
жорстокіший;-1
жриця;1
жування;1
жулик;-1
жура;-1
журливий;-1
журливо;-1
жіночна;1
жіночний;1
з вдячністю;1
з ентузіазмом;1
з жалем;-1
з жахом;1
з каяттям;-1
з ложки;-1
з нагодою;1
з осудом;-1
з повагою;1
з радістю;1
з розбитим серцем;-1
з сумом;-1
з'єднання;-1
з'їдливий;-1
з'їдливо;-1
за іронією долі;-1
заарештований;-1
забезпечення;1
забетонувати;-1
забивати;-1
заблудлий;-1
забобонний;-1
заболочений;-1
заборонено;-1
забороняти;-1
заборонятися;-1
забороняючи;-1
забруднені;-1
забруднювачі;-1
забруднюючий;-1
забруднює;-1
забуваючи;-1
забуваючий;-1
забудькувато;-1
забудькуватість;-1
забій;-1
завагітніти;-1
заважати;-1
заважають;-1
завалити;-1
завдано шкоди;-1
завербовувати;-1
завербувати;-1
завершити;1
завестися;-1
завивання;-1
завивати;-1
завидно;1
завинити;-1
зависає;-1
завищена оцінка;-1
завищена ціна;-1
завищує;-1
завмер;-1
заводний;1
заворожуюче;1
заворожує;1
завчасний;1
завязаний;-1
завіт;1
загадково;-1
загадковість;-1
загальнолюдський;1
загальносвітовий;1
заганяти;-1
загартований;-1
загартовувати;1
заговорювати;-1
загрожує життю;-1
загрозливо;-1
загрузнути;-1
загубити;-1
загублений;-1
задавлювати;-1
задавнений;-1
задерикуватий;1
задихатися;-1
задишка;1
задній;-1
задовільно;1
задумливо;1
задурити;-1
задушений;-1
задушливий;-1
задушливо;-1
задіяний;-1
зажертися;-1
зажурився;-1
заздалегідь;-1
зазнати невдачі;-1
зазубрений;-1
зазіхати;-1
зайнятий;-1
зайнятість;-1
зайобувати;-1
заклик;-1
заклинально;1
заклопотаність;-1
заклятий;1
заколотник;-1
закомплексований;-1
законно;1
законослухняна;1
закопувати;-1
закохуватися;1
закупорений;-1
закупорити;-1
закупорка;-1
закупорює;-1
закурювати;1
закусити;-1
закінчився термін дії;-1
закінчити;-1
закінчується;-1
залежний;-1
залучати;1
залучення;1
залюбки;1
залякувати;-1
залізничний;-1
заманили;1
заманити;1
заманливий;1
заманливо;1
замаскований;-1
замах;-1
замерзає;-1
замикати;-1
замкнутий;-1
замовкнути;-1
замовчувати;-1
заморожений;-1
заморожування;-1
заморозити;-1
заморочуватися;-1
заморський;1
замінний користувачем;1
занапастити;-1
занепадницький;-1
занепокоїтися;-1
занижений;-1
занудити;-1
занудний;-1
занудьгувати;-1
занурення;-1
заохочення;1
заохочувальний;1
заохочувати;1
заочний;-1
заощадження;1
заощаджувач;1
запалений;-1
запалити;-1
запальний;1
запаморочливий;1
запаморочливо;-1
запахи;-1
запахло;-1
запашний;1
запевнити;1
запевняючи;1
запеклий;-1
заперечуючи;-1
запилений;-1
заплутатися;-1
заплямовування;-1
заплямувати;-1
запобігати;1
заповзятливий;1
заподіювати;-1
заподіяний;-1
запороти;-1
запроданець;-1
запроторити;-1
запроторювати;-1
запідозрити;-1
запідозрювати;-1
заражати;-1
заражатися;-1
зараження;-1
зараза;-1
заразити;-1
заразний;-1
зарватися;-1
зарепетувати;-1
заробітчанин;-1
зарозумілий;-1
зарозуміло;-1
зарозумілість;-1
заручений;-1
зарядити енергією;1
зарядитися;1
зарізаний;-1
зарізати;-1
засвічуватись;-1
заслання;-1
заслуговує довіри;1
заслуговує на увагу;1
заслужити;1
засліплений;1
засліплювати;1
засліплюючий;-1
засмучуватися;-1
засмучуючи;-1
засмічений;-1
засмічуватися;-1
засмічується;-1
заспокоювати;1
заспокоюватися;1
заспокоїти;1
заспокійливо;1
застарівати;-1
застережливий;-1
застогнати;-1
застою;-1
застоюватися;-1
застрелюватися;-1
застряг;-1
застрягати;-1
застій;-1
засудження;-1
засуджуючи;-1
засуджує;-1
засіб;1
затаєний;-1
затвердження;1
затвердити;1
затвердіти;-1
затемнена;-1
затемнений;-1
затемнює;-1
затишшя;-1
затонув;-1
затонула;-1
затоплення;-1
затоплювати;-1
затори;-1
заторможений;-1
затримання;-1
затримати;-1
затримка;-1
затримувати;-1
затримується;-1
затхлий;-1
затягнув;-1
затягуватися;-1
затягуючи;-1
затяжний;-1
зауваження;-1
захват;1
захворіти;-1
захисний;1
захисник;1
захистити;1
захланний;-1
заховати;-1
захопити;1
захоплюючись;1
захоплюючі;1
зациклюватися;-1
зацікавлений;-1
зацікавлений у власних інтересах;-1
зацікавлювати;1
зачарування;1
зачарувати;1
зачепився;-1
зачепити;-1
зачіпання;-1
зашипіло;-1
зашити;-1
зашкалювати;-1
зашкарублий;-1
зашкутильгати;-1
зашморг;-1
заїдати;-1
заїкався;-1
заїкатися;-1
заїкається;-1
збагачення;1
збагачувати;1
збанкрутувати;-1
збентежує;-1
зберігати;1
збитки;-1
збиток;-1
зближення;1
збоченець;-1
збоченці;-1
збоченість;-1
збочинець;-1
збочувати;-1
збрехав;-1
збрехати;-1
зброя;-1
збудження;1
збуджувати;1
збуджує;1
збудливий;1
збудник;-1
збунтуватися;-1
збурений;-1
збурення;-1
збурити;-1
збутися;1
збіднювати;-1
збіднілий;-1
збій;-1
збільшувати;1
зважений;1
звалити;-1
звалювати;-1
звалюватися;-1
звання;1
зверху;1
зверху важкий;-1
звершений;1
звивистий;-1
звинуватити;-1
звинувачуюче;-1
звинувачуючи;-1
звинувачує;-1
звисає;-1
зводити;-1
зволікання;-1
зволікає;-1
зворотний бік;-1
зворотний переказ;-1
зворотний прикус;-1
зворушливий;1
зворушливо;1
звучати;1
звільнений;1
звільнені;-1
звільняти;1
звільнятися;1
звірства;-1
звіряче;-1
звірячий;-1
звіріти;-1
звітувати;-1
зв’язний;1
зв’язок;1
згвалтування;-1
згвалтувати;-1
згинути;-1
згорьований;-1
зграя;-1
згрібали;-1
згубно;-1
згуртованість;1
здавлюючи;-1
здатися;-1
здатність;1
здерти;-1
здешевити;-1
здивований;1
здирство;-1
здобути;1
здобутки;1
здобуто;1
здогад;-1
здолати;1
здоровенний;-1
здорово;1
здоровість;1
здорожчати;-1
здохнути;-1
здравий;1
здраво;1
здравомислячий;1
здібний;1
здійсненний;1
здійснено;1
здійснив революцію;1
здійснити революцію;1
зек;-1
землерийка;-1
зеніт;1
зернистий;-1
злагода;1
злагоджений;1
зламався;-1
зламаний;-1
зламати;-1
зламувати;-1
зле;-1
зливати;-1
злидар;-1
злидень;-1
злити;-1
злитися;-1
злиття;1
зло;-1
злобно;-1
зловживають;-1
зловмисник;-1
зловмисно;-1
злодій;-1
злодійський;-1
злодіяння;-1
злом;-1
зломлений;-1
злопам'ятний;-1
злорадний;-1
злочинниця;-1
злощастий;-1
злякати;-1
злякатися;-1
злісний;-1
змагальний;-1
змагати;-1
зменшуватися;-1
зменшується;-1
змести;-1
змивання;-1
змови;-1
зморшка;-1
зморшки;-1
зморшкуватий;-1
зморщитися;-1
змушувати;-1
змінний;1
змітати;-1
зміцнення;1
зміцнити;1
знайдибiда;-1
знак;1
знаменито;1
знаменний;1
знахідка;1
значущим;1
зневагу;-1
зневажаючи;-1
зневажається;-1
зневаження;-1
зневірено;-1
зневіреність;-1
зневірившись;-1
зневірити;-1
знедолених;-1
знедолювати;-1
знелюднити;-1
знеможений;-1
знеохочення;-1
знеохочувати;-1
знеохочуюче;-1
знеохочує;-1
знервований;-1
знерухомлений;-1
знесилення;-1
знесилювати;-1
знести;-1
знехотя;-1
знецінення;-1
знешкоджувати;1
знижуватися;-1
знизати плечима;-1
знизити рейтинг;-1
зникнути;-1
знищений;-1
знищені;-1
знищуватися;-1
знос;-1
зносник;-1
зношений;-1
знущальний;-1
знущатися;-1
зніяковілість;-1
зобов'язувати;-1
золотий;1
золото;1
зомбувати;-1
зоряно;1
зраджувати;-1
зраджує;-1
зради;-1
зрадити;-1
зрадництво;-1
зрадницько;-1
зрадниця;-1
зректися;-1
зречення;-1
зривати;-1
зрозумілий;1
зрозуміло;1
зручний для дітей;1
зручний для користувача;1
зручні;1
зручніше;1
зріло;1
зрілі;1
зрілість;1
зсув;-1
зубожілий;-1
зупинка;-1
зустрінути;1
зухвальство;-1
зхиблений;-1
зцілити;1
зціпити;-1
зчинити;-1
зчиняти;-1
зібраний;1
зігнута;-1
зігріваючий серце;1
зізнаватися;-1
зізнатися;-1
зім'ятий;-1
зіпсував;-1
зіпсуватися;-1
зірвати;-1
зірка;1
зіткнувся;-1
зґвалтувати;-1
кабачок;-1
каверза;-1
казковий;1
казково;1
казнокрад;-1
каламути;-1
каліка;-1
каліки;-1
каліцтво;-1
калічити;-1
калічить;-1
камерний;1
канібалізувати;-1
капали;-1
капати;-1
капає;-1
капут;-1
капіталіст;-1
капітулювати;-1
каральний;-1
каратися;-1
караючи;-1
карається;-1
карикатура;-1
карлик;-1
картати;-1
картатий;-1
карцер;-1
кастрований;-1
каструля;-1
кастувати;-1
кат;-1
катаклізмальний;-1
катаклізмічний;-1
катаклізмічно;-1
категоричний;-1
каторга;-1
каторжна;-1
катування;-1
катувати;-1
катівня;-1
кацап;-1
каш;-1
кашоподібний;-1
каюта;1
каятися;-1
кваліфіковано;1
кваліфікуватися;1
кволий;-1
квір;-1
квіти;1
квітучий;1
кепкувати;-1
кепський;-1
кепсько;-1
керований;1
керівництво;1
кидатися;-1
кинути;-1
кинути виклик;-1
кинутий;-1
кипить;-1
кипучий;1
кипіння;-1
кипіть;-1
кип’ятити;-1
кирпатий;-1
кишковий;1
класифікували;-1
класичний;1
клеймити;-1
клеймо;-1
клин;-1
клопотано;1
клопоти;-1
клопотливий;1
клопітка;-1
клопітно;-1
клофелін;-1
клубки;-1
клубок;-1
кльокати;-1
кліка;-1
клікнув;-1
кліше;-1
кмітливий;1
кмітливо;1
кмітливість;1
ковтання;-1
ковткий;-1
козел відпущення;-1
козирний;1
колапс;-1
колесо;-1
коливатися;-1
колись;-1
колючі;-1
комбінаційний;1
комбінований;1
комедія;1
компактний;1
компактно;1
компанійський;1
компетентний;1
комплексний;1
компроміс;1
компульсивний;-1
комунікабельність;1
комфорт;1
комфортабельний;1
комфортний;1
комічний;-1
конвульсія;-1
конкурентний;1
конкурентоспроможний;1
конкурентоспроможні;1
конкурс;1
консервативний;-1
консолі;-1
конспіративний;-1
конструктивний;1
конструкція;1
контрабанда;-1
контрастність;1
контратаки;1
контрнаступ;1
контртерористичний;1
конфлікти;-1
конфліктний;-1
конфліктні;-1
конфліктувати;-1
конфронтаційний;-1
конфіскувати;-1
концентрат;-1
концентраційний;-1
концесія;-1
концтабір;-1
коняка;1
кон’юнктурний;-1
кооперативний;1
кооперативно;1
копати;-1
копійчаний;-1
корабельна аварія;-1
корисливий;-1
корисно;1
користується;1
корозія;-1
корозії;-1
короп;-1
короста;-1
коротенький;1
короткий обмін;-1
короткозорий;-1
короткозорість;-1
короткочасність;-1
корумпований;-1
корумпувати;-1
корупційний;-1
корупціонер;-1
корчі;-1
корявий;-1
коріння;1
косий;-1
косо;-1
коукі;-1
коханець;1
коханий;1
коханка;-1
кохання;1
кошмарно;-1
кошти;1
коштовний;-1
коїти;-1
краде;-1
крапелька;1
крапельниця;-1
крапельниці;-1
краплинний;-1
крапс;-1
крас;-1
краса;1
красень;1
красивий;1
красний;1
красномовний;1
красномовно;1
красномовство;1
красти;-1
крастись;-1
кращати;1
краще;1
краще ніж;1
краєвид;1
країна мрій;1
креативний;1
кредит;-1
кремезний;-1
кривдити;-1
кривдник;-1
криво;-1
кризовий;-1
крикливий;-1
кримінал;-1
криміналістичний;-1
криміногенний;-1
критик;-1
критиканство;-1
критикували;-1
критикуючи;-1
критися;-1
крихітка;1
крихітний;-1
кричущо;-1
кришитися;-1
кришталевий;1
кровопролитний;-1
кровоточити;-1
кровоточить;-1
кропив'яний;-1
кропива;-1
кропіткий;1
крутити;-1
крутитися;-1
кручений;-1
ксенофобський;-1
ксенофобія;-1
кубло;-1
кук;-1
кулак;-1
кульгати;-1
куля;-1
кумедно;1
кумир;1
кумівство;-1
купка;-1
купісти;-1
курва;-1
курганство;-1
курортний;1
куртуазний;-1
куртуазно;1
кус;-1
кусатися;-1
кусаючий;-1
кусковий;-1
кухарка;-1
кухонний;-1
кілер;-1
кінчений;-1
кіоски;-1
кістлявий;-1
лавина;-1
лагідність;-1
лад;-1
ладан;-1
лади;-1
лазівка;-1
лазівки;-1
лайдак;-1
лайка;-1
лайливий;-1
лайно;-1
лакей;-1
лакеї;-1
лаконічний;-1
ламати;-1
ламатися;-1
ламаючи;-1
ламкий;-1
ласий;1
ласкавий;1
ласкаво;1
ласкаво просимо;1
латентність;-1
лауреат;1
лаючи;-1
лаяли;-1
лаятися;-1
лебедніший;1
левиний;1
левосерце;1
легальний;1
легкий;1
легко;1
легковажний;-1
легковажність;1
легковірний;-1
легкодушний;1
легше;1
легітимний;1
ледар;-1
леер;-1
лемент;-1
лепетати;-1
лесбійка;-1
лестиво;1
лестити;1
лестощі;1
летальний;-1
летучий;-1
летючий;-1
лженаука;-1
ликування;1
ликувати;1
ликуючи;-1
ликуючий;1
лимон;-1
липовий;-1
лихвар;-1
лиходійство;-1
лиходіїв;-1
лихослів'я;-1
лицарство;1
лицарські;1
лицемір;-1
лицеміри;-1
логічний;1
лом;-1
лопата;-1
лопнути;-1
лоскотати;1
лохів;-1
лояльний;1
лузер;-1
лукавий;-1
лукавити;-1
лупити;-1
лущення;-1
любий;1
любити;1
люблю;1
любов;1
людинолюбний;1
людиноненависницький;-1
людожер;-1
людоїд;-1
лютувати;-1
лютість;-1
лякає;-1
лякливий;-1
ляльки;-1
ляльковий;-1
ляп;-1
ляпас;-1
лярва;-1
лівосхилий;-1
ліквідація;-1
ліквідний;1
ліки;1
лікувальний;1
лікування всіх;1
лікувати;1
лілія;1
лінивець;-1
лінивий;-1
лінчування;-1
м'якотілих;-1
м'якотілість;-1
м'якше;1
м'ясник;-1
м`ясопродукт;-1
магнетичний;1
магічний;1
магія;1
мажор;-1
мажорний;-1
мазок;-1
майбутній;1
майстер;1
майстри;1
максимізувати;1
маловивчений;-1
маловідомий;-1
малограмотний;-1
малодоступний;-1
малоефективний;-1
малоймовірно;-1
малоосвічений;-1
малопродуктивний;-1
малорос;-1
малоцікавий;-1
малуватий;-1
мальовничий;1
мальовничі;1
малювання;1
малюнок;1
малярія;-1
маневрений;1
манив;1
маніпулятивний;-1
маніпулятори;-1
манірний;-1
манія;-1
маніяк;-1
маразматичний;-1
маргінал;-1
марнота;-1
мародерство;-1
маріонетка;-1
масонський;-1
масштабний;1
матеріальний;1
матовий;-1
матінка;1
мафіозний;-1
мафіозі;-1
мафія;-1
махати;1
махінація;-1
маячити;-1
маячний;-1
має;1
медаліст;1
медовий;1
межі;-1
мелодраматичний;-1
мелодраматично;-1
мелодійний;1
менш відомий;-1
менш розвинені;-1
меншість;-1
менінгіт;-1
мерехтить;-1
мерехтливо;1
мерзенно;-1
мерзенність;-1
мерзота;-1
мерзотник;-1
мерзотність;-1
меркантильний;-1
мертво;1
мертвонароджений;-1
метушливий;-1
миле;1
милосердний;1
мильний;-1
мимовільний;-1
минув;-1
минутися;1
мир;1
мирна;1
мирний;1
мирно;1
миро;1
миролюбний;1
миротворець;1
миротворці;1
миротворчий;1
мистецтво;1
мистецьки;1
мистецький;1
митарство;-1
мито;-1
миш'як;-1
мляво;-1
мнеться;-1
множинний;-1
мовчазний;1
могила;-1
могутність;1
модельний;1
модерний;1
модернізація;1
модернізувати;1
модернізується;1
моджахед;-1
модульний;1
можна отримати;1
мозковий;1
мозолити;-1
мозольний;-1
молитва;1
молодець;1
молодість;1
монетний;1
монстр;-1
монументально;1
мораль;1
моральність;1
моровий;-1
мороз;-1
морок;-1
морочити;-1
морщиться;-1
москіт;-1
мотивований;1
мотлох;-1
мочити;-1
мракобісний;-1
мракобісся;-1
мрія;1
мріяти;1
мститися;-1
мудрецько;1
мудрий;1
мудро;1
музикальний;1
мука;-1
муки;-1
мультиплікаційний;-1
муліш;-1
мундслінгер;-1
мутний;-1
мученик;-1
мучеництво;-1
мученицької смерті;-1
мучився;-1
мучительний;-1
мучительно;-1
мучитися;-1
мюнхенський;-1
міжусобиця;-1
мізерність;-1
мільйон;1
міна;-1
мінеральний;1
мінливий;-1
мінливість;-1
мінус;-1
міраж;-1
міс;-1
містечко;1
містечковий;-1
містифікація;-1
містифікувати;-1
місто-герой;1
міф;-1
міфічний;-1
міцність;1
міцніший;1
мішанина;-1
мішок;-1
на мель;-1
на щастя;1
набирання;1
набирати;-1
наближення;-1
набридати;-1
набридливий;-1
набряк;-1
набрід;-1
набуття;1
нав'язування;-1
нав'язувати;-1
навмисний;-1
наволоч;-1
навряд чи;-1
навтьоки;-1
навчання;1
навідліг;-1
навіжений;-1
навішувати;-1
нав’язливий;-1
нав’язливо;-1
нав’язливість;-1
нагадувати;-1
наганяти;-1
наглота;-1
нагнати;-1
наговорювати;-1
нагороджений;1
нагороджувати;1
нагороджуватися;1
нагороди;1
нагородити;1
награбувати;-1
нагримати;-1
нагрянути;-1
надгробок;-1
наддержава;1
надзвичайна ситуація;-1
надзвичайний;1
надзвичайно чіткий;1
надзусилля;1
надихатися;1
надихає;1
надлишковий;-1
надмірна вага;-1
надмірний рівень;-1
надмірний трепет;-1
надмірно діяв;-1
надмірно завзятий;-1
надмірно завзято;-1
надмірно обтяжений;-1
надмірно розкручений;-1
надокучливий;-1
надокучливо;-1
надприбутковий;1
надриватися;-1
надто спрощення;-1
надію;1
надія;1
наживатися;-1
наживка;-1
назад;-1
назад в журнал;-1
наздогнав;1
наздогнали;1
називати;1
найакуратніше;1
найбідніший;-1
найбільш відомі;1
найбільш лебідний;1
найбільш плавний;1
найбільше пощастило;1
найбільший;1
найвдаліший;1
найвища якість;1
найгостріший;1
найдешевше;1
найдивніший;-1
найдурший;-1
найжорсткіший;1
найзнаменитіший;-1
найкрасивіший;1
найкраще;1
найкращі;1
найкрутіший;1
наймозковіший;1
наймурливіший;-1
найняти;-1
найніжніший;1
найповільніший;-1
найпотворніший;-1
найсвіжіший;1
найсильніший;1
найсмачніший;1
найсміливіший;1
найсприятливіший;1
найстійкіший;1
найталановитіший;1
найтепліший;1
найцінніший;1
найчарівніший;1
найчистіший;1
найшвидше зростаюча;1
найшвидший;1
найяскравіший;1
наказувати;-1
накидатися;-1
накинувши;-1
накип;-1
накипіти;-1
накладення;-1
наклепи;-1
наклепник;-1
накопичений;1
накручувати;-1
налагоджувати;1
налазити;-1
налаштування;-1
належне;1
належним чином;1
налитися;-1
наляканий;-1
нанесення;-1
наносити;-1
нападати;-1
нападки;-1
напасти;-1
напевно;1
наплювати;-1
наповал;-1
наповнений;1
наполегливий;1
напоїти;1
напруга;-1
напруженість;-1
напружувати;-1
напружуючись;-1
напханий;-1
напіввідсталі;-1
напівзруйнований;-1
напівмертвий;-1
напівписьменний;-1
напівсердечний;-1
наражати;-1
наркобізнес;-1
наркодилер;-1
наркомани;-1
наркоманський;-1
наркоманія;-1
наркота;-1
наркотичний;-1
наріжний камінь;1
нарікання;-1
насаджувати;-1
насильник;-1
насильницький;-1
насильно;-1
насильство;-1
наситити;1
насичений подіями;1
насмішити;-1
насмішливо;-1
наснага;1
насолоджувався;1
насолоджуючись;1
наспівуючи;-1
насрати;-1
настороженість;-1
насторожувати;-1
насторожує;-1
настрою;1
насувається;-1
насупити брови;-1
насупитись;-1
насіннєвий;-1
натерпітися;-1
натерти на тертці;-1
натиск;-1
наткнувшись;-1
натовп;-1
натуральний;1
натхненний;1
натяжка;-1
натякати;-1
натякаючий;-1
науковець;1
наукоємний;1
нахаба;-1
нахабник;-1
нахабність;-1
нахабніти;-1
нахуй;-1
нацистський;-1
нацицюрник;-1
нацьковувати;-1
начуватися;-1
нашкодити;-1
наштовхуватися;-1
наївно;-1
наїзд;-1
не бажаючи;-1
не в змозі;-1
не вдалося;-1
не вистачає;-1
не вірити;-1
не має значення;-1
не має права;-1
не погоджуюсь;-1
не погоджуючись;-1
не погоджується;-1
не погодився;-1
не подобається;-1
не підтримує;-1
не підтримується;-1
не сподобався;-1
не співпрацює;-1
не схвалювати;-1
не схильний;-1
неагресивний;1
неадекватно;-1
неактивний;-1
неактуальний;-1
неактуальність;-1
неакуратний;-1
неаутентичний;-1
небайдужий;1
небанальний;1
небезкорисний;1
небезпечно;-1
небезпечність;-1
небесний;1
небитий;1
неблагонадійний;-1
неблагополучний;-1
неблагополуччя;-1
неблагородний;-1
небо;1
неважливий;-1
неважливо;-1
невблаганність;-1
неввічливий;-1
неввічливо;-1
невгамовний;-1
невдало;-1
невдаха;-1
невдахи;-1
невдачливий;-1
невдоволений;-1
невдоволювати;-1
невдоволює;-1
невдячність;-1
невеликий;-1
невживано;-1
невибагливий;-1
невигідно;-1
невидимо;-1
невидимість;-1
невизнаний;-1
невизначено;-1
невизначеність;-1
невиконання;-1
невикористано;-1
невикористовуваний;-1
невикупний;-1
невиліковний;-1
невимовний;1
невимовно;-1
невимушений;1
невиплата;-1
невиплачений;-1
невиправдано;-1
невиправно;-1
невиразний;-1
невиразно;-1
невирішений;-1
невирішені;-1
невисокий;-1
невихована;-1
невичерпний;1
невлаштований;-1
невмілий;-1
невміло;-1
невміння;-1
неволити;-1
неволя;-1
невпевненість;-1
невпинний;1
невпорядкований;-1
невротичний;-1
невротично;-1
неврівноважений;-1
невтомний;1
невіглас;-1
невігластво;-1
невідмінна;-1
невідомо;-1
невідомі;-1
невідомість;-1
невідповідно;-1
невідповідності;-1
невільник;-1
невіра;-1
невірно;-1
невірні;-1
невіруючий;-1
негабаритних;-1
негайно;1
негатив;-1
негативи;-1
негативно;-1
негнучкі;-1
негода;-1
негостинний;-1
негостинність;-1
неграмотний;-1
неграмотність;-1
неграційна;-1
негідник;-1
негідники;-1
негідність;-1
негідь;-1
недалекоглядний;-1
недбайливий;-1
недвозначний;-1
недешевий;-1
недисциплінований;-1
недитячий;-1
недобре;-1
недобрий;-1
недобрити;-1
недоброзичливий;-1
недоброзичливо;-1
недоброзичливці;-1
недобросовісно;-1
недобудований;-1
недоведеним;-1
недовести;-1
недоводить;-1
недогляд;-1
недогляди;-1
недоглянутий;-1
недозволений;-1
недоказовий;-1
недоладний;-1
недоладність;-1
недолугість;-1
недолюблювати;-1
недоліків;-1
недоношений;-1
недоотриманий;-1
недооцінювати;-1
недопалок;-1
недоплачений;-1
недопустимий;-1
недорегульований;-1
недоречність;-1
недоробка;-1
недорозвинений;-1
недорікуватий;-1
недосвідчено;-1
недосвідченість;-1
недосконало;-1
недосконалості;-1
недосконалість;-1
недостатньо;-1
недостовірний;-1
недостойний;-1
недоступний;1
недотепа;-1
недоторканний;1
недоторканність;1
недоумкуватість;-1
недоумок;-1
недружелюбний;-1
недружній;-1
недуга;-1
недійсний;-1
неекономічний;-1
неелегантний;-1
неелегантність;-1
неетичний;-1
неетично;-1
нежиттєздатний;-1
нез'ясований;-1
незабутній;1
незагойний;-1
незайманий;-1
незакінчений;-1
незалежно;-1
незамараний;1
незаморожений;1
незамінний;1
незапорошений;1
незаслужений;-1
незаслужено;-1
незаслуженість;-1
незастрахований;-1
незатишний;-1
незатребуваний;-1
незацікавлений;-1
незацікавленість;-1
незбагненний;1
незбалансований;-1
незбутній;-1
незв'язаний;1
незважаючи;-1
незвично;-1
незворотні;-1
незворушний;-1
незворушність;1
незв’язаність;-1
незв’язний;-1
незв’язно;-1
незгода;-1
незгодний;-1
незграба;-1
незграбність;-1
незгідний;-1
нездара;-1
нездатний;-1
нездоланно;-1
нездужає;-1
нездійснений;-1
нездійсненний;-1
нездійсненно;-1
незламний;1
незломлений;1
незліченний;1
незмивний;-1
незміцнілий;-1
незнайомий;-1
незнання;-1
незначний;-1
незначність;-1
незручність;-1
незрівнянний;1
незрівнянно;-1
незрілий;-1
неймовірність;-1
некомпетентно;-1
некомпетентність;-1
неконституційний;-1
неконфліктний;1
некоректний;-1
некультурний;-1
некультурність;-1
неласкавий;-1
нелегальний;-1
нелегкий;1
нелогічно;-1
нелогічність;-1
нелояльність;-1
нелюбимий;-1
нелюдськості;-1
нелюдяний;-1
немаловажливий;1
нематеріальний;-1
немилосердний;-1
немилостиво;-1
немилість;-1
неминучість;-1
немовний;-1
немовнословно;-1
неможливий;1
немолодий;-1
немічно;-1
ненавидить;-1
ненавиділи;-1
ненависник;-1
ненависники;-1
ненависно;-1
ненавмисний;-1
ненавмисно;-1
ненавчений;-1
ненадійність;-1
ненажерливий;-1
ненароком;-1
ненасилля;1
ненасильницький;1
ненатуральний;-1
ненормальний;-1
ненормативна лексика;-1
ненормативний;-1
необ'єктивний;-1
необачний;-1
необгрунтований;-1
необдумано;-1
необдуманість;-1
необов'язковий;-1
необтяжений;1
необтяжливий;1
неоднозначність;-1
неонацистський;-1
неопалюваний;-1
неоплачуваний;-1
неорганізований;-1
неоригінальний;-1
неортодоксальний;-1
неортодоксальність;-1
неосвічений;-1
неосяжний;1
неофашист;-1
неохайно;-1
неохайність;-1
непарний;-1
непатріотичний;-1
непевна;-1
непереборний;1
неперевершений;1
непередаваний;1
непередбачуваний;1
непереконливо;-1
непереможений;1
непереможність;1
непереносимість;-1
неписьменний;-1
неплатоспроможний;-1
неповажно;-1
неповажність;-1
неповна;-1
непоганий;1
непогано;1
неподобство;-1
непоказний;-1
непокора;-1
непокірливий;-1
непокірний;1
непокірно;-1
непомірковано;-1
непомірність;-1
непомітний;-1
непоправлення;-1
непоправні;-1
непорочна;1
непорядний;-1
непосида;-1
непосидючий;-1
непослідовно;-1
непоступливість;-1
непотрібні;-1
непохитно;1
непохитність;1
неправда;-1
неправдоподібно;-1
неправильна поведінка;-1
неправильне використання;-1
неправильне поводження;-1
неправильне розуміння;-1
неправильне спрямування;-1
неправильне судження;-1
неправильне управління;-1
неправильне читання;-1
неправильно вимовлене;-1
неправильно вимовляти;-1
неправильно вирівняні;-1
неправильно вирівняти;-1
неправильно зрозумілий;-1
неправильно оцінити;-1
неправильно прочитаний;-1
неправильно ставати;-1
неправильно тлумачити;-1
неправильні вимови;-1
неправомірний;-1
неправосудний;-1
непрактичний;-1
непрактично;-1
неприбутковий;-1
неприглядний;-1
непридатний для використання;-1
неприйняття;-1
неприкметний;-1
неприкритий;-1
непримітний;-1
неприпустимий;-1
неприродно;-1
непристосований;-1
неприступний;1
непритомний;-1
неприязний;-1
непробивний;1
непродуктивний;-1
непродумана;-1
непродуманий;-1
непропорційний;-1
непросвітлений;-1
непростимий;-1
непрофесійний;-1
непрофесіоналізм;-1
непроханий;-1
непрошений;-1
непідконтрольний;-1
непідробний;1
непідтримуваний;-1
непізнаний;-1
нерадісний;-1
нераціонально;-1
нервово;-1
нервозний;-1
нервозність;-1
нервує;-1
нереальність;-1
нереалізований;-1
нереалістичний;-1
нерегулярні;-1
нереформабельний;-1
нержавіюча;1
нероба;-1
нерозбірливий;-1
нерозв'язний;-1
нерозв’язний;-1
нерозповсюдження;1
нерозривний;-1
нерозривно;-1
нерозрізнений;-1
нерозумний;-1
нерозчинені;-1
нерівномірний;-1
нерішуче;-1
нерішучість;-1
несамовитий;-1
несамостійний;-1
несанкціонований;-1
несвоєчасно;-1
несвідомий;-1
несвіжий;-1
несексуальний;-1
несерйозний;-1
несиметричний;-1
несимпатичний;-1
несистемний;-1
несказаний;1
нескладний;1
нескладно;1
нескромність;-1
нескінченність;-1
несміливо;-1
несплата;-1
несплачений;-1
несповідимий;-1
несподівано;-1
неспостережений;-1
несправедливості;-1
несправедливість;-1
несправності;-1
несправність;-1
неспроможність;-1
нестабільно;-1
нестандартний;1
нестаріючий;1
нестача;-1
нестримно;1
нестійко;-1
нестійкість;-1
несумлінність;-1
несумірний;-1
несумісний;-1
несумісні;-1
несуттєво;-1
несучасний;-1
несхвальний;-1
несхвально;-1
несхильний;-1
нетактовний;-1
нетверезий;-1
нетворчі;-1
нетерпляче;-1
неточності;-1
нетрі;-1
нетяжкий;-1
неув'язка;-1
неугодний;-1
неупереджено;1
неупередженість;1
неуспішний;-1
неуточнене;-1
неушкоджений;1
неушкодженим;1
нехороший;-1
нехтування;-1
нехтувати;-1
нехтується;-1
нецензурний;-1
нецивільний;-1
нецікавий;-1
нечесність;-1
нечестивий;-1
нечестиво;-1
нечистота;-1
нечисть;-1
нечитабельний;-1
нечленорозбірний;-1
нечутливо;-1
нечутливість;-1
нечутно;-1
нечіткий;-1
нечітко;-1
нешанобливий;-1
нещадність;-1
нещиро;-1
неявний;-1
неясний;-1
неясно;-1
неідеальний;-1
неінформативний;-1
неінформований;-1
неіснуючий;-1
неіснуючі;-1
неїстівний;-1
нижча ціна;1
низька вартість;1
низька ціна;1
низький;-1
низький рейтинг;-1
низький ризик;1
низько;-1
низькооплачуваний;-1
низькопробний;-1
низькоякісний;-1
нити;-1
нищівний;1
нищівно;-1
ниючий;-1
новенький;1
новинка;1
нововведення;1
новомодний;1
новосел;1
нормалізація;1
нормативний;1
ну;1
нудно;-1
нуднуватий;-1
нудоти;-1
нудотний;-1
нудотно;-1
нужда;-1
нужденний;-1
ніж;-1
ніжно;1
нікудишній;-1
нікчема;-1
нікчемно;-1
нікчемність;-1
німецько-фашистський;-1
німота;-1
нірвана;1
нітрохування;-1
нічого не підозрюючи;-1
нічого собі;1
ніякий;-1
оазис;1
об'єкт;-1
об'єктивність;1
об'їдати;-1
обачний;1
обвал;-1
обвалення;-1
обвальний;-1
обвинувальний;-1
обвинувачуватися;-1
обвислий;-1
обганяти;1
обганяє;1
обгарювати;-1
обгортання;-1
обгорілий;-1
обгін;1
обдаровання;1
обдертий;-1
обдирати;-1
обдурений;-1
обдурив;-1
обдурювати;-1
обережний;-1
обертатися;-1
обивательський;-1
обкладати;-1
обкрадати;-1
облагороджувати;1
обливати;-1
обличчя;1
облудно;-1
облудність;-1
облізлий;-1
обманув;-1
обманщик;-1
обманщики;-1
обманювати;-1
обмежена;-1
обмежений;-1
обмежено;-1
обмеженість;-1
обмежити;-1
обмежувальний;-1
обмежувати;-1
обнадійливий;1
обнадійливо;1
обожнюваний;1
обожнюю;1
обожнюючи;1
обожнюється;1
оборона;1
оборонний;-1
обрадувати;1
образливість;-1
образний;1
обрамлення;1
обраний;-1
обраним;1
обривати;-1
обрушити;-1
обрушувати;-1
обрушуватися;-1
обставити;-1
обстріл;-1
обстрілювати;-1
обсценний;-1
обтяжувати;-1
обурений;-1
обурено;-1
обурливо;-1
обурювати;-1
обшук;-1
обізнаний;1
обійми;1
обіцяв;1
обіцянка;1
обіцянки;1
овація;1
овації;1
оглушення;-1
ого;1
ого-го;1
одержима;-1
одиночка;-1
одкровення;1
однобічність;-1
одноголосний;1
однодумець;1
однозначно;1
одноманітність;-1
однополярний;-1
одноразовий;1
одностайний;1
односторонній;-1
одужати;1
одужувати;1
одурманений;-1
одурманюючий;1
одухотворений;1
одіозний;-1
одірваний;-1
оживати;1
оживити;1
ожиріння;-1
озброюючи;-1
озброєння;-1
озвірілий;-1
оздоровити;1
оздоровлення;1
оздоровчий;1
озлоблений;-1
озноб;-1
оклюзійний;-1
око;1
окупант;-1
окупаційний;-1
окупність;-1
окупувати;-1
окутаний;-1
олово;-1
олігарх;1
олігархічний;-1
олігархія;-1
омана;-1
оманливий;1
оманливо;-1
омолоджені;1
омолоджуючий;1
омолодити;1
омріяний;1
онкологічний;-1
онкологія;-1
оновлення;1
онімілий;1
оніміння;-1
ооооо;1
опальний;-1
оперативно;1
оплакання;-1
оплакувати;-1
оплески;1
оподаткування;-1
опозиція;-1
опозиції;-1
опори;1
оптимізувати;1
оптимістичний;1
опудала;-1
опускання води;-1
опустити;-1
опік;-1
опіки;-1
опір;-1
ораторський;1
організаторський;1
орда;-1
ореол;-1
оригінальний;1
орієнтовний;-1
орієнтовно;-1
осад;-1
осаджувати;-1
осадити;-1
освячений;1
освіжаючий;1
освіжити;1
освітлюючий;1
освітній;1
осипатися;-1
оскаржувати;-1
оскароносний;1
осквернити;-1
оскома;-1
ослаблений;-1
ослабнути;-1
особливий;1
остання канава;-1
остерігайтеся;-1
осторонь;-1
островний;-1
осудити;-1
отруювати;-1
отруєння;-1
отруїти;-1
офігенний;1
охайний;1
охорона;1
оцінив;1
оцінний;1
очистити;1
очищає;1
очищення;1
очікуваний;1
п'явка;-1
п'янити;-1
п'яниця;-1
п'янство;-1
падати;-1
падлюка;-1
падіння щелепи;1
пакість;-1
палацовий;1
палити;-1
палкий;1
палко;1
пальці вгору;1
палючий;-1
памперси;1
пан;1
панахида;-1
пандартування;-1
пандемоній;-1
пандер;-1
панк;-1
панорамний;1
панування;1
панікуючи;-1
панічно;-1
папуга;-1
парадоксальний;-1
паразит;-1
паразитарний;-1
паразитичний;-1
паралізований;-1
параної;-1
параноїдальний;-1
параноїк;-1
паритися;-1
парники;-1
партизан;-1
партизани;-1
парія;-1
пасивний;-1
пасивність;-1
паскудний;-1
пасти;-1
пастирський;1
патова ситуація;-1
патогенний;-1
патологічний;-1
патологія;-1
патріот;1
пафос;-1
пафосний;-1
пафосно;-1
пахне;-1
пацюк;-1
пацієнт;1
паща;-1
педантичний;1
педерастична;-1
педерастія;-1
педофіл;-1
педофілія;-1
пекельний;-1
пекуче;-1
пекучий;1
пеньок;-1
перверзно;-1
первозданний;1
перебалансованість;-1
перебити;-1
переборщити;-1
перебої;-1
перебудова;1
перебудований;1
перебільшений;-1
перебільшення;-1
перебільшуватися;-1
перебільшує;-1
перевагу;1
переважна;-1
переважний;1
перевантажені;-1
перевершений;1
перевершено;1
перевершив;1
перевершивши;1
перевершуючи;1
перевищено;1
перевищувати;1
перевищує;1
перевіряється;1
перегару;-1
перегороджувати;-1
перегородка;-1
переграти;-1
перегріватися;-1
передбачення;1
передбачити;1
передмістя;1
передозування;-1
передсмертний;-1
передутий;-1
передчуваючи;-1
пережитки;-1
перекласти;-1
переконати;-1
переконливий;1
переконливість;1
перекреслювати;-1
перекупка;-1
переламати;-1
перелом;-1
перелюб;-1
переляканий;-1
переляку;-1
перемагаючи;1
перемагає;1
перемогти;1
переможений;1
переможець;1
переможці;1
перемішаний;-1
переміщені;-1
перенасичення;-1
перенасичувати;-1
переоцінений;-1
переоцінити;-1
переплачено;-1
переплачували;-1
переплачувати;-1
переповнений;-1
переповнення;-1
переповнює;-1
переполох;-1
переполохи;-1
перепочинок;1
перервано;-1
перервати;-1
перерви;-1
перерву;-1
переривання;-1
переривати;-1
перериває;-1
переробний;1
перерізаний;-1
пересилити;-1
переслідували;-1
переслідуватися;-1
пересмикувати;-1
перестаратися;-1
перестрілка;-1
переступ;-1
пересічний;-1
перетворення;1
перешкоджають;-1
персиковий;1
персонажів;1
персоналізований;1
перспективний;1
пертинантно;-1
перфункціональний;-1
перфідний;-1
перфідність;-1
перший у своєму класі;1
першорядне;1
першосортний;1
песимізм;-1
песимістично;-1
печальний;-1
печера;-1
пизда;-1
пиздець;-1
пил;-1
пильний;1
писклявий;-1
питань;-1
пихатість;-1
пишатися;1
пищить;-1
пияцтво;-1
пиячити;-1
плавлення;-1
плавно;1
плавніше;1
плавуче;1
пластичний;-1
плач;-1
плачевна;-1
плодовитий;1
плоский;-1
плоттери;-1
плутаний;-1
плутанини;-1
плутати;-1
плутатися;-1
плутає;-1
плювати;-1
плюгавий;-1
плюнути;-1
плюшеві;1
плява;-1
пляма;-1
плямкати;-1
плідність;-1
плітка;-1
плітки;-1
пневмонія;-1
пні;-1
по праву;1
по-диявольськи;-1
по-дружньому;1
по-людськи;1
по-моєму;-1
по-особливому;1
по-скривському;-1
по-сучасному;1
побиватися;-1
побити;-1
побитий;-1
побитися;-1
побиття;-1
поблагословити;1
поблажливо;-1
побліднути;-1
побожний;1
побоюватися;-1
побоюючись;-1
побої;-1
побій;-1
поважати;1
повальний;-1
повально;-1
повбивати;-1
повернення грошей;1
повернення грошових коштів;1
повернення коштів;1
повернено;1
поверхневий;-1
поверхово;-1
поверховість;-1
повзати;-1
повзе;-1
повзучий;-1
повнофункціональний;1
повороти;-1
повстаючий;-1
повторювані;-1
повчання;1
повільний рух;-1
повільніше;-1
повінь;-1
повісити;-1
повіситися;-1
повістка в суд;-1
повістки до суду;-1
повітряний;1
повішений;-1
погана вдача;-1
погана послуга;-1
погана репутація;-1
поганка;-1
погано визначений;-1
погано використовується;-1
погано відсортований;-1
погано поводитися;-1
погано розроблений;-1
погано ставати;-1
погано сформований;-1
погань;-1
погинути;-1
поглиблений;1
поглиблення;1
поглинути;-1
погнатися;-1
погожий;1
поголити;-1
пограбування;-1
пограбувати;-1
погрози;-1
погром;-1
погубити;-1
погіршення стану;-1
погіршуються;-1
погіршується;-1
подав у відставку;-1
подання позову;-1
подано до суду;-1
подарований;1
подарунок;1
подати позов;-1
подвиг;1
подобатися;1
подобається;1
подолати;1
подразник;-1
подружитися;1
подряпаний;-1
подряпина;-1
подряпини;-1
подряпинний;-1
подрібнений;-1
подрібнити;-1
подяка;1
подячний;1
подільник;-1
подільність;-1
поетизувати;1
пожвавити;1
пожертвували;-1
пожертвування;1
пожертвувати;1
поживна;1
поживний;1
пожити;1
поза законом;-1
позаздрити;-1
позамежний;-1
позаплановий;-1
позбавити;-1
позбавлення;-1
позбавлення волі;-1
позбавляти;-1
позбавлятися;-1
поздоровити;1
поздоровляти;1
позитивний;1
познайомити;1
позначення;-1
позолочений;1
позування;-1
позіхати;-1
покалічений;-1
покарати;-1
покаянний;-1
поки;-1
покидьки;-1
покидьок;-1
покинути;-1
покинутий;-1
покращити;1
покращувати;1
покращується;1
покритка;-1
покупка;-1
покусати;-1
покійний;-1
покінчити;-1
покірний;-1
поламаний;-1
поламати;-1
полегшено;1
полегшити;1
полегшувати;1
полегшує;1
полемізувати;-1
политий водою;-1
половинчасто;-1
полон;-1
полохливий;-1
полюбити;1
поляризація;-1
полінуватися;-1
поліпшення;1
поліпшити;1
поліпшитися;1
поліпшувати;1
поліпшуватися;1
полірований;1
політкоректність;1
політтехнологія;-1
пом'якшення;1
пом'якшувати;1
помадка;-1
помер;-1
померти;-1
помилкове керівництво;-1
помилкове уявлення;-1
помилкові уявлення;-1
помилування;1
помилувати;1
помилуватися;1
помилятися;-1
поминальний;-1
помирати;-1
помовчувати;-1
помогти;1
помутніння;-1
помітний;1
помітно;-1
пом’якшений;-1
понад;1
понаїжджати;-1
поневолити;-1
поникнути;-1
понуро;-1
попадати;-1
попередив;-1
поплакати;-1
поповнювати;1
порадити;1
порадувати;1
поразка;1
поразки;1
порвати;-1
поржати;-1
порнографія;-1
поробити;-1
порожнеча;-1
порожнистий;-1
порозуміння;1
порок;-1
порочити;-1
порочне;-1
порочний;-1
порочність;-1
портативний;1
поручитися;1
порушений;-1
порушені;-1
порушник проблем;-1
порушники;-1
порядний;1
порядність;1
порятувати;1
порятунок;1
порівнянний;1
посередник;-1
посередність;-1
посилювати;-1
посилюватися;1
посилює;1
поскаржитися;-1
послаблення;1
послідовний;1
послідовник;1
послідовно;1
посміхатися;1
поспіх;-1
поспіхом;-1
поспішав;-1
поспішний;-1
поставити під загрозу;-1
постаратися;1
постраждати;-1
постріл;-1
поступився;-1
поступитися;-1
поступки;-1
поступливий;-1
поступливо;1
посібник;-1
потвора;-1
потворно;-1
потворність;-1
потворніший;-1
потенціал;1
потолоч;-1
потомство;1
потоп;-1
потоптатися;-1
потрібний;1
потрійний;1
потужний;1
потурати;-1
потьмяніє;-1
потік;-1
потішити;1
пофігізм;-1
похабний;-1
похвали;1
похвалити;1
похитнувся;-1
похмілля;-1
поховати;-1
поцілунок;1
почастувати;1
почесть;1
почувати;1
пошана;1
пошкоджений;-1
пошкоджувати;-1
пошкоджуючий;-1
пошлий;-1
пошлятина;-1
пошлість;-1
поштовх;-1
пощаститися;1
правдивий;1
правдиво;1
правдивість;1
правдоподібний;1
праведник;1
праведність;1
правильний;1
правильність;1
правовірний;1
правопорядок;1
правосуддя;-1
правота;1
практичний;1
пранцюватий;-1
працездатний;1
працелюбний;1
працював;1
преварикат;-1
предметна;1
представницький;1
презентабельний;1
президент;1
презирство;-1
прекрасно;1
прем'єр;1
премудрий;1
премія;1
преосвященний;1
прескорботний;-1
престиж;1
претензійно;-1
преферес;1
пречистий;1
пречудовий;-1
прибиральник;1
приблизний;1
привабливість;1
привабливіший;1
приватизувати;-1
привертає увагу;1
приворожити;-1
привітавшись;1
привітати;1
привітна;1
привітно;1
привітність;1
пригальмовувати;-1
пригнічено;-1
пригнічувати;-1
приголосний;1
придатний;1
придатний для використання;1
придурити;-1
придурок;-1
придушення;-1
придушити;-1
приз;1
призвати;-1
прийняти;1
прийнятний;1
прийшлий;-1
прик;-1
прикольний;1
прикрашати;1
прикрий;-1
прикрити;-1
прилітати;-1
приманку;-1
применшення;-1
применшувати;-1
применшує;-1
примножувати;1
примушувати;-1
примха;-1
примхливо;-1
примхливість;-1
примірний;1
примітивний;-1
примітивні;-1
примітивність;-1
примітно;1
принижений;-1
принижуючи;-1
принизливо;-1
приносити;1
принциповий;1
припадок;-1
припинено;-1
приправлений;1
приреченість;-1
природний;1
природність;1
приручений;-1
прискіпливо;1
прислужитися;1
присмак;-1
присоска;-1
пристава;-1
пристойний;1
пристойно;1
пристрасний;1
пристрасно;1
пристрасть;1
пристрілювати;-1
присягати;1
присікання;-1
притягальний;1
притягнути до відповідальності;-1
притягти;-1
приурочувати;1
прихильний;1
прихильник;1
приховуватися;-1
причетний;-1
прищ;-1
прищеплювати;-1
прищик;-1
приєднуватися;1
приємний;1
приємність;1
приємніше;1
приїдатися;-1
проблематичний;-1
проблиск;1
провал;-1
провалений;-1
провали;-1
провалитися;-1
провальний;-1
провалювати;-1
проведіть пальцем;-1
провидіння;1
провина;-1
провислий;-1
провідний;1
прогинатися;-1
проголошувати;-1
програвати;-1
програші;-1
програючи;-1
програє;-1
прогул;-1
продаватися;1
продовжувати;-1
продуктивно;1
прозорий;1
прозорливість;1
пройдисвіт;-1
проклинати;-1
проклято;-1
проклін;-1
промах;-1
промахи;-1
промахуватися;-1
промахів;-1
промивання мозку;-1
промоутер;1
проміжки;-1
проміжок часу;-1
пронизливий;-1
пронизливо;-1
проникати;-1
проникливий;1
проникливо;1
проникливість;1
пронюхати;-1
пропаганда;-1
пропагандист;-1
пропагувати;-1
пропадати;-1
пропащий;-1
проповідувати;-1
пропустили;-1
прорахуватися;-1
прорахунок;-1
прорив;1
прориви;1
просвітитель;1
просвітлення;1
просвітлити;1
просвітницький;1
проспати;-1
проспрос;1
простий;1
простий у використанні;1
просторікування;-1
просторіше;1
простоює;-1
прострочений;-1
прострочувати;-1
проступок;-1
просунутий;1
протверезіння;-1
протегувати;-1
протести;-1
протестували;-1
протестувати;-1
протестуючи;-1
проти нас;-1
противник;-1
протидії розповсюдженню;-1
протизаконний;-1
протизапальний;1
протилежність;-1
протиправність;-1
протиприродний;-1
протиріччя;-1
протистояння;-1
протистояти;-1
протитанковий;-1
протравний;-1
профанний;-1
професіональний;1
професіоналізм;1
прохолодний;-1
процвітає;1
процідити;-1
прощати;-1
проявлений;1
проігнорувати;-1
пружний;1
прут;-1
пряжка;-1
прямолінійний;1
пріоритет;1
псевдо;-1
псевдонауковий;-1
псих;-1
психлікарня;-1
психотропний;-1
психіатричний;-1
псуватися;-1
псудний;-1
псується;-1
пузатий;-1
пульсував;-1
пульсувати;-1
пульсуючий;-1
пустеля;-1
пустотливо;-1
пустощі;-1
пустушка;-1
пухир;-1
пухирці;-1
пухлина;-1
пухнастий;1
пюре;-1
під гору;-1
підарас;-1
підбадьорюючий;1
підбивати;-1
підбурювання;-1
підбурювач;-1
підбурювачі;-1
підвести;-1
підвищуватися;1
підводити;-1
піддаватися;-1
піддані;-1
піддаються;1
піддослідний;-1
підказка;1
підкорений;-1
підкоритися;-1
підкрався;-1
підкуп;-1
підкуповувати;-1
підлоги;-1
підлота;-1
підлість;-1
підмітання;1
підневільний;-1
підносити;1
піднятий;1
підняття настрою;1
піднімайте;-1
підозра;-1
підозри;-1
підозрюваний;-1
підозрювати;-1
підозріло;-1
підозрілість;-1
підпалювати;-1
підпалювач;-1
підпорядковувати;-1
підпорядкування;-1
підпорядкувати;-1
підпункт;-1
підрив;-1
підриватися;-1
підриває;-1
підривний;-1
підривно;-1
підробити;-1
підроблений;-1
підробляти;1
підрізаний;1
підрізання;-1
підрізати;-1
підрізи;-1
підсаджувати;-1
підсаджуватися;-1
підсвічувати;1
підсилення;1
підсолодити;1
підставний;-1
підступ;-1
підступи;-1
підступність;-1
підсудний;-1
підтвердження;1
підтвердити;1
підтекст;-1
підтримано;1
підтримка;1
підтримуватися;1
підтримує;1
підтримується;1
підтягнутий;-1
підходить;1
підшипники;-1
підшукувати;-1
підірвати;-1
пізди;-1
пізнавальний;1
пізнавати;1
пізнання;1
піке;-1
пікет;-1
пікети;-1
пікетували;-1
пікетування;-1
піклуватися;1
пільговий;1
піратський;-1
пісний;-1
піхва;-1
піщаний;-1
раб;-1
раби;-1
рабовласник;-1
работоргівець;-1
рабство;-1
рабський;-1
рагу;-1
рада;1
радикал;-1
радикали;-1
радикальний;-1
радикально;-1
радикалізація;-1
радуйся;1
радуючий;1
радує;1
радіаційний;-1
радісний;1
радіти;1
радіючи;1
разючий;1
рай;1
рак;-1
раковина;-1
ракові;-1
рана;-1
рани;-1
ранимий;1
ранк;-1
рапсодізувати;-1
раптово;-1
раси;-1
расизм;-1
расист;-1
расисти;-1
рахунок;-1
раціональний;1
рваний;-1
рвати;-1
рве;-1
реабілітаційний;1
реабілітувати;1
реакційний;-1
реаліст;1
реаліті-шоу;-1
ревнивий;-1
ревниво;-1
ревний;-1
революційний;1
революціонер;-1
реготати;1
регресивний;-1
регресувати;-1
регресія;-1
регульований;1
результативний;1
рейдерське;-1
рейдерський;-1
реклами;-1
рекламу;-1
рекламували;-1
рекомендації;1
рекомендую;1
рекомендується;1
рекордний;1
релевантний;1
ремісія;1
ренесанс;1
репресований;-1
репресія;-1
репресії;-1
респект;1
респектабельний;1
реструктуризація;1
ресурси;-1
ретард;-1
ретельний;1
ретельно;1
реформа;1
реформи;1
реформований;1
реформування;1
рецесійний;-1
рецидив;-1
решітка;-1
ривок;-1
ризик;-1
ризики;-1
ризиковий;1
ризикувати;-1
рильський;-1
риторика;-1
риторичний;-1
рихлий;-1
робить революцію;1
робота;1
роботизований;1
робіт;1
родинний;1
родюча;1
родючий;1
рожевий;1
роз'єднаність;-1
розбазарити;-1
розбещення;-1
розбещувати;-1
розбивання;-1
розбивач серця;-1
розбився;-1
розбирання;-1
розбираючись;-1
розбитий;1
розборки;-1
розбурхує;1
розбіжний;-1
розбійницький;-1
розбірливий;-1
розбірник;-1
розв'язний;-1
розв'язування;-1
розв'язувати;-1
розвага;1
розважає;1
розважливий;1
розвал;-1
розвалювати;-1
розвалюватися;-1
розвеселити;1
розвивати;1
розвиватися;1
розвинений;1
розвинутий;1
розводити;-1
розвінчання;-1
розв’язати;-1
розгаданий;-1
розгадати;-1
розгинання м’язів;-1
розгладжує;1
розгляд;-1
розглянуто;-1
розгойдувати;-1
розголос;-1
розгоратися;-1
розгром;-1
розгромити;-1
розгублено;-1
розгул;-1
розгульний;-1
розгулятися;1
роздавлювати;-1
роздмухувати;-1
роздратувати;-1
роздроблений;-1
роздувати;-1
роздутий;-1
розділити;-1
розділово;-1
роззброювання;1
роззброєння;1
роззброїти;-1
роззява;-1
розквіт;1
розквітати;1
розкладання;-1
розкласти;-1
розкол;-1
розкол вух;-1
розколи;-1
розколоти;-1
розколювати;-1
розкошувати;1
розкрадання;-1
розкрадати;-1
розкритиковувати;-1
розкритикувати;-1
розкусити;-1
розкішний;1
розкішно;1
розливу;-1
розлютити;-1
розлютитися;-1
розлютно;-1
розлючуючи;-1
розмазати;-1
розмазування;-1
розмито;-1
розміреність;1
розміщувальний;1
рознести;-1
розпадатися;-1
розпадається;-1
розпалити;-1
розпалювання;-1
розпалювати;-1
розпач;-1
розпещений;1
розпещено;1
розпещеність;1
розплакатися;-1
розплата;-1
розплачуватися;-1
розплід;-1
розповсюджений;-1
розправа;-1
розправи;-1
розправлятися;-1
розпростертий;1
розпуснасть;-1
розпушувач;-1
розпущений;-1
розпірка;-1
розрадити;1
розруха;-1
розрізнений;-1
розрізнення;1
розсекречувати;1
розслаблений;1
розстріл;-1
розстрілювати;-1
розсудливо;1
розсіяний;-1
розтління;-1
розтратити;-1
розумниця;1
розумніти;1
розумніший;1
розуміння;1
розхилення;-1
розхитуватися;-1
розчаровано;-1
розчаровуватися;-1
розчинення;-1
розчленовувати;-1
розшарування;-1
розширення можливостей;1
розширити;1
розширити можливості;1
розщеплення;-1
розібрати;-1
розіграли;-1
розірваний;-1
розірвати;-1
романтизувати;1
романтичний;1
романтично;1
рубання;-1
рублевський;-1
рубцеві;-1
рубці;-1
руйнування;-1
руйнувати;-1
руйнуватися;-1
руйнуючи;-1
руки вниз;1
рута;-1
рутинний;-1
рухнути;-1
руїни;-1
рюшати;-1
рябий;-1
рябчик;-1
рясніють;1
рясніє;1
рятування;1
рівномірний;1
рівномірно;1
рівноправний;1
рівноправність;1
рівність;1
рідкісний;-1
різак;-1
різати;-1
різне;-1
різнокольоровий;1
різноманітний;1
різноманітність;1
різносторонній;1
рішучий;1
саботаж;-1
саван;-1
садити;-1
сажка;-1
сакральний;1
сакраментальний;-1
салют;1
самобутній;1
самовдоволено;-1
самовизначення;1
самовладання;1
самовпевнено;-1
самовіддану;1
самовільний;-1
самогубець;-1
самогубний;-1
самодержавний;-1
самодержець;-1
самодостатність;1
самозадоволення;1
самозакоханий;-1
самозакоханість;-1
самозваний;-1
самозванці;-1
самознищення;-1
самокаліцтво;-1
самокритичний;1
самокритичність;-1
самомилування;-1
самообслуговування;-1
самоокупний;1
самопереворот;-1
самоприниження;-1
саморуйнівний;-1
самосуд;-1
самотність;-1
самоцвіт;1
сардонічний;-1
сардонічно;-1
сарказм;-1
саркастично;-1
сатана;-1
сатанинський;-1
сатирити;-1
сваволити;-1
сваволя;-1
свавілля;-1
свавільний;-1
сварити;-1
сваритися;-1
сварки;-1
сварливіший;-1
свастика;-1
свекруха;-1
свербіж;-1
свердловина;-1
свердловини;-1
свинство;-1
свободи;1
сволоч;-1
сволочі;-1
своєрідний;-1
своєрідно;-1
своєчасний;1
своєчасно;1
святенництво;-1
святиня;1
святковий;1
святкували;1
свято;1
свіженький;1
свіжіше;1
світанок;1
світиться;1
світлий;1
світлодіодний;1
світський;1
світяться;1
сейф;1
сексапільний;1
сексуальна;1
сексуальний;1
сексуальність;1
селюк;-1
сенсаційний;1
сентиментальний;-1
сервітут;-1
сердитися;-1
сердито;-1
серйозно;-1
серпанок;-1
серцевий;-1
серцево-судинний;-1
серіальний;-1
сигналізація;-1
сидячий;-1
сильно постраждалий;-1
сильніше;1
симпатизувати;1
симпатичний;1
симптом;-1
симптоми;-1
син;-1
синдрому;-1
синхронний;1
синця;-1
сирий;-1
сирний;-1
сирота;-1
сирітство;-1
сифіліс;-1
скаженіти;-1
сказ;-1
скалити;-1
скалічити;-1
скам'янілий;-1
скам'яніти;-1
скандально;-1
скандалізований;-1
скандалізувати;-1
скандель;-1
скарати;-1
скаржився;-1
скасований;-1
скасовано;-1
скасувати;-1
скачувати;-1
скелети;-1
скелястий;-1
скептицизм;-1
скептичний;-1
скидатися;-1
скинули;-1
складні;-1
складність;-1
скнара;-1
сконструювати;1
скорботно;-1
скороспішний;-1
скорочувати;-1
скорочуватися;-1
скотина;-1
скотитися;-1
скоюватися;-1
скоєний;-1
скоїти;-1
скремблювання;-1
скривитись;-1
скрип;-1
скрипучий;-1
скрипучі;-1
скрипіти;-1
скромний;1
скромність;1
скрупульозний;1
скрутне становище;-1
скрутний;-1
скудний;-1
скулити;-1
скупість;-1
скурчитися;-1
скінхед;-1
слабенький;-1
слабке місце;-1
слабкі сторони;-1
слабнути;-1
слабодухий;-1
слаборозвинений;-1
слабуватий;-1
слабшати;-1
слабшають;-1
славитись;1
славненько;1
славний;1
славно;1
слиз;-1
слизень;-1
слово;1
слуга;1
служниця;-1
слухати;1
слухово;-1
слушний;1
сльозливий;-1
сліпуче;-1
сліпучий;1
смажене;-1
смак;1
смачний;1
смачно;1
смердить;-1
смертний;-1
смертник;-1
смертниця;-1
смертність;-1
смертоносний;-1
смикнувши;-1
смирення;1
смиренність;1
смоктала;-1
смоктати;-1
сморід;-1
смугастий;-1
смуглявий;-1
смутний;-1
сміливість;1
смітити;-1
смітники;-1
сміхотворний;-1
смішний;1
смішок;-1
снайпер;-1
снайперський;-1
снаряд;-1
сноб;-1
сноби;-1
снобізм;-1
сновигати;-1
совковий;-1
содом;-1
содомія;-1
сокира;-1
сокирний;-1
соковитий;1
солодкий;1
солодко;1
солодкість;1
солідарність;1
солідний;1
сонечко;1
сонце;1
сопрано;1
сором;-1
сором'язливий;1
соромливий;-1
соромливо;-1
сором’язливість;-1
сорочка;-1
сортирний;-1
союзницький;1
сп'яну;-1
сп'яніння;-1
спадати;-1
спади;-1
спаду;-1
спадщина;1
спалахливий;-1
спалахувати;-1
спалений;-1
спалити;-1
спалювати;-1
спантеличення;-1
спантеличувати;-1
спантеличуючи;-1
спантеличує;1
спекотний;1
спекулянт;-1
спекуляція;-1
спересердя;-1
спиватися;-1
спиздити;-1
спинити;-1
спинстер;-1
списати;-1
списувати;-1
споглядання;1
сподобався;1
сподобатися;1
споживати;-1
споживацький;-1
спокусити;-1
спокусливий;1
спокусливо;1
спокійний;1
спонтанний;1
спорадичний;-1
споріднений;1
спорідненість;1
спотворене;-1
спотворити;-1
спотворювати;-1
спотворює;-1
спотикатися;-1
спотикається;-1
справді;1
справедливість;1
справлятися;1
справний;1
справно;1
спрага;-1
спритність;1
сприяння;1
сприяти;1
спробувати;1
спровокувати;-1
спроектований;1
спростити;1
спростовано;-1
спростовувати;-1
спростовуючи;-1
спростовує;-1
спростування;-1
спростувати;-1
спрощення;1
спрощено;-1
спрощує;1
спуститися;-1
спустошено;-1
співдружність;1
співкамерник;-1
співпереживати;1
співучасник;-1
співчутливий;1
спізнюватися;-1
спільниця;-1
спільність;1
спірне;-1
спіткнувся;-1
спітнілий;-1
спітніти;-1
срака;-1
сріблястий;1
срібний;1
ссати;-1
стабільний;1
стабілізація;1
стабілізувати;1
ставний;1
сталінізм;-1
старанно;1
старовинний;1
стартап;1
статичний;-1
статуя;1
стафілокок;-1
ствердження;1
стверджувальний;1
стерво;-1
стереотип;-1
стереотипно;-1
стерти;-1
стильний;1
стильно;1
стилізовані;1
стимулювати;1
стимулює;1
стирати;-1
стислий;1
стовп;-1
стоки;-1
стопудовий;1
сторонні;-1
сторонній шлях;-1
страждав;-1
страждати;-1
страждаючий;-1
страта;-1
стратегія;1
стратити;-1
страхи;-1
страшенно;-1
страшилка;-1
страшненький;-1
страшніше;-1
стрес;-1
стреси;-1
стресово;-1
стрибучий;-1
стривожений;-1
стримано;-1
стримування;-1
стримувати;-1
стримуючий;-1
стримуючий фактор;-1
строго;-1
строката;-1
струс;-1
струсити;-1
стріляти;-1
стрімко;-1
стукати;-1
стукнути;-1
ступор;-1
стурбовано;-1
стурбованість;-1
стурбувати;-1
стійло;-1
стік;-1
стічний;-1
суавий;1
субсидований;1
субсидування;1
субсидувати;1
субсидує;1
судді;-1
суджений;-1
судитися;-1
судиться;-1
судноплавний;1
судовий процес;-1
судомити;-1
судомний;-1
султан;1
сум'яття;-1
сумбурний;-1
сумки з брудом;-1
сумлінна;1
сумлінний;1
сумнів;-1
сумуючи;-1
сумісний;1
сумісні;1
суперечать;-1
суперечити;-1
суперечність;-1
суперсучасний;1
супротивитися;-1
супротивник;-1
супутні;-1
сутенер;-1
сутички;-1
сучасний;1
сучий;-1
сучок;-1
суєта;-1
суєтний;-1
суїцид;-1
суїцидальний;-1
сфабрикований;-1
сфальсифікувати;-1
схаменутися;-1
схвалений;1
схвальний;1
схвалювати;1
схвильований;1
схвильовано;1
схвильованість;1
схематично;-1
схлипувати;-1
сценічний;1
сюжет;-1
сяйво;1
сік;-1
сінокос;-1
сірий;-1
сірка;-1
сірість;-1
таблетка;-1
табу;-1
тавруючи;-1
таж;-1
так-кал;-1
талановитий;1
таланти;1
талісман;1
танго;1
танки;-1
танцюючий;1
таємничий;1
тварюка;-1
тверда;-1
твердий;-1
твердолині;-1
твердість;1
твердіший;1
тверезий;-1
тверезомислячий;1
творчість;1
телепень;-1
тельбух;-1
темний;-1
темніше;-1
темніють;-1
темрява;-1
тендер;1
теплиця;-1
теплосердечний;1
тепліше;1
терапевтичний;1
терапія;-1
терзати;-1
терміново;-1
тернистий;-1
терор;-1
тероризм;-1
тероризувати;-1
терорист;-1
терористичний;-1
терористка;-1
терпимий;1
терпкий;-1
терпляче;1
терплячий;1
терпіти;-1
тетерев;-1
тетичний;-1
тетілічно;-1
тиранічно;-1
тиск;-1
тиснути;-1
тисячолітній;1
титанічна;1
титилат;1
титилювання;1
титливо;1
титулований;1
тихо;1
тихіше;1
тлінний;-1
товариство;1
товариський;1
товарний;1
товктися;-1
товщі;-1
толстовка;-1
тонше;1
тонший;1
топити;-1
топтати;-1
торг;1
торгуватися;-1
торт;1
тортура;-1
тоскний;-1
точність;1
травесті;-1
травматично;-1
травмований;-1
трагічно;-1
трансгресія;-1
трансплантат;-1
транссексуал;-1
трапеція;-1
траурний;-1
трахати;-1
трахатись;-1
трахнути;-1
трепет;1
трепетний;1
третьосортний;-1
треш;-1
тривога;-1
тривоги;-1
тривожити;-1
тривіальний;-1
тривіально;1
трофей;1
троцькіст;-1
троянда;1
труба;1
трудитися;-1
трудомісткий;-1
трудівник;1
трупний;-1
трухлявий;-1
труїти;-1
трюки;-1
трюковість;-1
трястися;-1
тріпотіння;1
тріумфально;1
тріщати;-1
тріщина;-1
туберкульоз;-1
тугий;-1
тужливий;-1
тужно;-1
туман;-1
тумани;-1
туманно;-1
тупився;-1
тупиковий;-1
тупити;-1
тупо;-1
тупотіння;-1
тупуватий;-1
турботи;-1
турботливий;1
турботливість;-1
турбуватися;-1
турбує;-1
туфельки;-1
туша;-1
тушка;-1
тхнути;-1
тьмяний;-1
тьфу;-1
тюремний;-1
тюхтій;-1
тяганина;-1
тягар;-1
тяги;1
тягне;-1
тяжба;-1
тяжко;-1
тяжкохворий;-1
тяжкість;-1
тяжіння;1
тікати;-1
тікаючи;-1
тікає;-1
тінистий;-1
тісно;-1
тіснота;-1
тіснява;-1
тішитися;1
убезпечити;1
убивство;-1
ублюдок;-1
ублюдочний;-1
убогість;-1
убозтво;-1
убрання;1
убійний;-1
увага;-1
уваги;1
уважний;1
увертюра;1
увічнення;1
угодний;-1
угруповання;-1
удаваний;-1
ударний;-1
ударостійкий;1
ударів;-1
удачливий;1
удостоювати;1
удостоюватися;1
узгодженість;1
узурпатор;-1
узурпувати;-1
украсти;-1
українофобство;-1
улесливий;-1
ультиматум;-1
ультиматуми;-1
ультрасучасний;1
ультратверда лінія;-1
улюблена;1
улюблене;1
умертвити;-1
умисел;-1
умисний;-1
уникати;-1
універсальний;1
універсальність;1
унікальний;1
унікальність;1
упереджений;-1
упередження;-1
упередженості;-1
упередженість;-1
упереджувальний;-1
упереджувати;-1
упир;-1
уповільнення;-1
уповільнено;-1
упускати;-1
упущення;-1
упійманий;-1
уражений;-1
уразити;-1
уразливий;-1
урегулювання;1
урожайний;1
урочистість;1
усвідомлений;1
усвідомлено;1
усвідомлювати;1
ускладнювати;-1
ускладнюватися;-1
уславлений;1
усміх;1
усміхатися;1
усміхнено;1
усмішка;1
успіх;1
успіхів;1
успішний;1
усувати;-1
утиск;-1
утоплення;-1
утопічний;-1
уточнення;1
уточнити;1
утруднення;-1
ухильний;-1
училка;-1
ущербний;-1
уява;1
уявляти;1
уявний;-1
фавор;1
фаза;-1
фальсифікатор виборів;-1
фальсифікація ставок;-1
фальсифікований;-1
фальш;-1
фальшувати;-1
фамільярний;-1
фамільярність;-1
фанатики;-1
фанатичний;-1
фанатично;-1
фанкі;-1
фантастика;-1
фантастичний;1
фантастично;1
фанфари;1
фарисейство;-1
фарс;-1
фарсовий;-1
фарсово;-1
фатально;-1
фатальною;1
фаталістичний;-1
фаталістично;-1
фаховий;1
фашизм;-1
фашист;-1
фашистська;-1
фашистський;-1
феномен;1
феноменальний;1
феноменально;1
фест;1
фешенебельний;1
феєричний;1
феєрично;1
флірт;-1
фобічний;-1
фобія;-1
фокус;-1
формальний;-1
фортуна;1
фотогенічний;1
фригідний;-1
фу;-1
фульмінат;-1
фундаменталізм;-1
фурор;-1
футуристичний;1
фіаско;-1
фіга;-1
фіговий;-1
фігура;-1
фізіономія;-1
філігранний;1
фінал;-1
фінт;-1
хабар;-1
хабарник;-1
хакер;-1
хакерський;-1
хакі;-1
халтура;-1
халупа;-1
халява;1
хамство;-1
хамський;-1
хамуватий;-1
хапатися;-1
хардбол;-1
хардлайнер;-1
харизма;1
хастлер;-1
хатня робота;-1
хвалений;-1
хвалитися;-1
хвалька;-1
хвалько;-1
хвастливий;-1
хвилююче;1
хвойда;-1
хворобливо;-1
хвороботворний;-1
хворіти;-1
хекав;-1
хер;-1
херувим;1
хибно;-1
хибність;-1
хижак;-1
хижацький;-1
хизуватися;-1
хирлявий;-1
хисткий;-1
хитався;-1
хитання;-1
хитається;-1
хиткий;-1
хлоп;-1
хлопський;-1
хлюпати;1
хлібосольний;1
хмара;-1
хмарно;-1
хмиз;-1
хо-гул;-1
ховати;-1
ховатися;-1
ховаючись;-1
холерик;-1
холод;-1
холодний;-1
хохол;-1
хребет;1
хрещення;1
хрипота;-1
хропти;-1
хрустіти;-1
хтивий;-1
худига;-1
хуй;-1
хуйня;-1
хуйовий;-1
хулігани;-1
хуліганський;-1
царствений;1
царський;1
царсько;1
цвинтар;-1
цвілий;-1
цивілізаційний;1
цивілізувати;1
цинік;-1
цукерка;1
цукрова шуба;-1
цунамі;1
цурався;-1
цуратися;-1
цькування;-1
цькувати;-1
цікавий;1
цікаво;1
цілеспрямований;1
цілеспрямованість;1
цілитель;1
цілком;-1
цілувати;1
цілюще;1
цілісний;1
цінність;1
цінніший;1
цінує;1
ціп;-1
чадний;-1
чарівне;1
чарівно;1
частковість;-1
частування;1
частувати;1
чашник;-1
чекіст;-1
чернець;-1
черствий;-1
чесний;1
чесність;1
честолюбний;1
честь;1
чиновницький;-1
чисельний;1
чистенький;1
чистий;1
чисто;1
член;-1
чоловічий;-1
чорнити;-1
чорнобильський;1
чорт;-1
чорт візьми;-1
чревата;-1
чреватий;-1
чудес;1
чудеса;1
чудесний;1
чудо;1
чудовиська;-1
чудотворний;1
чудотворність;1
чужий;-1
чужорідний;-1
чума;-1
чутка;-1
чуттєвий;1
чіпати;-1
чіпкий;1
чіплятися;-1
чіти;-1
чіткий;1
чітко;1
чіткість;1
шаблонний;-1
шайка;-1
шайтан;-1
шалений;1
шампанський;1
шана;1
шанобливо;1
шантаж;-1
шантажист;-1
шанувальники;1
шарлатанство;-1
шахрай;-1
шахрайства;-1
шахраюватий;-1
шахід;-1
швабра;-1
швидко зростаючий;1
швидкозростаючий;1
швидкоплинний;-1
швидкість;1
швидший;1
шедеври;1
шелепа;-1
шибеник;-1
шибениці;-1
шизофренічний;-1
шикарний;1
шиммі;-1
ширвжиток;-1
широкий;1
шит;-1
шифрований;-1
шишка;-1
шкоди;-1
шкодоносний;-1
шкодує;-1
шкідник;-1
шкідницький;-1
шкідниця;-1
шлам;-1
шльондра;-1
шльопати;-1
шляхетність;1
шмаркатий;-1
шмаркач;-1
шовінізм;-1
шоколадний;1
шокувати;-1
шокуюче;-1
шокуючий;1
шокуючі;-1
шпигунство;-1
шприц;-1
шрам;-1
штовхнути;-1
штормовий;-1
штраф;-1
штрафувати;-1
штурмувати;-1
шум;-1
шуми;-1
шумний;-1
шут;-1
щасливий;1
щасливити;1
щасливо;1
щасливі;1
щасливість;1
щасливіше;1
щебетливый;1
щедрий;1
щелепи;1
щетина;-1
щирий;1
щиросердечний;-1
що вмирає;-1
що розділяє;-1
щурячий;-1
щільний;-1
щіпка;-1
ювілей;1
ювіліант;1
юнацький;1
юний;1
язичник;-1
якнайкращий;1
якнайшвидший;1
якісний;1
якісно;1
янгол;1
янтарний;1
ярості;-1
яскравий;1
яскраво;-1
яскравіше;1
ясний;1
ясно;1
ясновельможний;1
яструбиний;-1
єбать;-1
євроатлантичний;1
єретик;-1
єретичний;-1
єхидний;-1
ігнорування;-1
ігнорувати;-1
іграшка;-1
ігристе;1
ідеал;1
ідеалізм;1
ідейний;1
ідилічний;1
ідіоти;-1
ідіотизми;-1
ідіотично;-1
із запізненням;-1
ізгой;-1
ізгоєм;-1
ізольовані;-1
ізолювати;-1
ізоляція;-1
ілю;1
ілюзорний;-1
ілюзії;-1
ілюмінати;1
ілірарний;-1
імбецильний;-1
імброгліо;-1
іменинниця;1
імпеданс;-1
імператорський;1
імперіалістичний;-1
імперіл;-1
імпозантний;-1
імполітичний;-1
імпонувати;1
імпотенційний;-1
імпульсивно;-1
імпічмент;-1
імунітет;1
інакомислення;-1
інвазивний;-1
інвалід;-1
інвективний;-1
інгібувати;-1
індивідуальний;1
індивідуалізований;1
індиферентний;-1
індоктринат;-1
індоктринація;-1
індосамент;1
індульгенція;1
інклюзивний;1
інкримінований;-1
інновації;1
інородець;-1
інструментальний;1
інсульт;-1
інтегральний;1
інтеграція;1
інтелект;1
інтелектуал;1
інтелектуальний;1
інтелігентний;1
інтелігенція;1
інтенсифікація;1
інтервенція;-1
інтереси;1
інтимний;1
інтимність;1
інтрига;1
інтриганство;-1
інтригуючий;1
інтуїтивний;1
інтуїція;1
інфантильний;-1
інфаркт;-1
інфекції;-1
інфернальний;-1
інфляційний;-1
інформувати;1
інфільтратор;-1
інфільтратори;-1
інцест;-1
інцидент;-1
іракський;-1
іржа;-1
іржі;-1
іронічно;-1
іронія;-1
іронії;-1
ірраціональний;-1
іскрометний;1
ісламіст;-1
ісламістський;-1
істерика;-1
істерики;-1
істерично;-1
істерія;-1
істинний;1
істинно;1
їдко;-1
їдкість;-1
ґамселити;-1
ґвалтування;-1
ґвалтувати;-1
ґвалтівник;-1
ґрунтовний;1
